"","STATEFP","COUNTYFP","GEOID","geometry"
"1","27","053","27053000101",list(list(c(2801687.0961602, 2801909.11984596, 2804462.89469992, 2805458.76427256, 2805784.15938118, 2805809.82948569, 2805795.44024113, 2805802.58248051, 2805828.52730524, 2805870.41542473, 2805859.63106427, 2803886.98585491, 2800593.20199003, 2800593.18707948, 2800574.65357256, 2800561.84162267, 2800537.07845716, 2801687.0961602, 1076596.05520036, 1076597.26783229, 1076598.06584878, 1076592.70997309, 1076592.58036938, 1075648.46132714, 1075276.80089518, 1073961.35217393, 1072864.83141202, 1072170.24684319, 
1071679.39162117, 1072279.84944116, 1073275.80876127, 1073276.3328746, 1073927.65503949, 1075257.73683294, 1076588.44496235, 1076596.05520036)))
"2","27","053","27053000601",list(list(c(2821918.13367914, 2821932.20992819, 2819286.96493265, 2819299.1071119, 2815221.03237256, 2815317.13662242, 2814927.55379813, 2815374.82683236, 2815441.15880152, 2815992.49183045, 2815985.9135711, 2818589.28728934, 2819225.19238643, 2819270.94748981, 2821882.68407376, 2821902.52865967, 2821907.65327609, 2821917.8512653, 2821918.13367914, 1066832.78270086, 1065546.20973077, 1065500.90444593, 1064182.22946324, 1064161.84445505, 1065692.23875012, 1068092.58826697, 1068096.61967213, 1068768.46262905, 
1069185.81941166, 1070997.5027863, 1071023.0572673, 1071030.36113819, 1071030.78247096, 1071074.32106784, 1068837.25910255, 1068177.36365165, 1066863.04261119, 1066832.78270086)))
"3","27","053","27053008100",list(list(c(2808981.7690022, 2808319.95078608, 2807664.10031777, 2807002.29435307, 2806344.63096609, 2806343.93914834, 2806342.28222052, 2807001.94330405, 2808317.64042998, 2808979.11323511, 2808978.98177712, 2808981.7690022, 1036584.56713124, 1036579.54330177, 1036573.13337697, 1036566.69247042, 1036560.30781807, 1037787.17081454, 1039126.32287516, 1039131.99615825, 1039143.3729572, 1039149.12359751, 1037826.36161769, 1036584.56713124)))
"4","27","053","27053101900",list(list(c(2821965.64159247, 2820647.72509488, 2819329.55137507, 2819330.96250499, 2819329.42928969, 2819313.28789005, 2820629.01030416, 2821947.04509419, 2821957.24189708, 2821965.64159247, 1060273.56553998, 1060251.82767277, 1060229.80500478, 1060947.36357419, 1061310.49770072, 1062866.85630536, 1062884.48148823, 1062903.66858824, 1061589.35387951, 1060273.56553998)))
"5","27","053","27053103900",list(list(c(2823675.35813756, 2823174.67127941, 2822594.55090017, 2821502.16908017, 2822104.84837738, 2822685.51481525, 2823675.35813756, 1052413.01155183, 1051502.99379211, 1050421.24641006, 1051013.74221649, 1052094.57661359, 1053170.84840926, 1052413.01155183)))
"6","27","053","27053105500",list(list(c(2808904.85380052, 2808913.78434409, 2808913.63960838, 2808849.87327064, 2808785.03669643, 2807740.57571624, 2807647.91186537, 2806986.31036282, 2806328.57881764, 2805939.53328599, 2805485.70018944, 2804666.39640143, 2804998.08553347, 2804998.42514375, 2804668.69697597, 2804755.83989609, 2805471.12290185, 2806340.79352673, 2807264.900413, 2808893.00062043, 2808904.85380052, 1048834.42812134, 1047006.76218183, 1046637.05608436, 1045994.07516233, 1045681.77770913, 1043715.54317339, 1043714.74158724, 
1043710.48861147, 1043707.74794736, 1043705.86960493, 1043682.29789868, 1044475.9711961, 1044554.63231709, 1045699.11247554, 1045696.30448869, 1046800.6892209, 1046962.83917922, 1047560.21299956, 1048501.54695455, 1049719.94123843, 1048834.42812134)))
"7","27","053","27053105700",list(list(c(2813621.98467249, 2813624.77154454, 2813636.28854192, 2812901.97752271, 2812249.2104864, 2811593.59615008, 2811581.68484901, 2811916.7460608, 2812360.57224161, 2812895.44113893, 2813621.98467249, 1045667.91273737, 1045587.72546284, 1044414.17914545, 1044409.0917119, 1044403.29418004, 1044397.49163326, 1045745.67819197, 1045847.81247897, 1045914.09212119, 1045871.08151299, 1045667.91273737)))
"8","27","053","27053106600",list(list(c(2807740.57571624, 2807048.82887128, 2806705.51771523, 2806337.00065141, 2806339.52283136, 2805344.61519831, 2804590.77598832, 2804562.07470353, 2805259.53730577, 2805530.79925608, 2804986.1866389, 2804950.67030417, 2805485.70018944, 2805939.53328599, 2806328.57881764, 2806986.31036282, 2807647.91186537, 2807740.57571624, 1043715.54317339, 1042403.57555697, 1041746.89390689, 1040435.18372056, 1039839.81694476, 1039832.75756962, 1039883.21205179, 1040122.50869278, 1040791.6528571, 1041616.13844345, 
1042032.60144692, 1042494.24499186, 1043682.29789868, 1043705.86960493, 1043707.74794736, 1043710.48861147, 1043714.74158724, 1043715.54317339)))
"9","27","053","27053108600",list(list(c(2820882.16913005, 2819562.35391848, 2819553.41298223, 2818896.50343488, 2818877.42817393, 2818867.1837002, 2818860.09312106, 2818857.15826144, 2819510.84788086, 2820822.39559749, 2820861.948955, 2820882.16913005, 1035380.08424378, 1035367.89054317, 1036029.55456477, 1036023.51617894, 1037255.68483238, 1037920.61944015, 1038580.47897515, 1039238.91861713, 1039246.38545147, 1039258.50154161, 1036695.36945147, 1035380.08424378)))
"10","27","053","27053110100",list(list(c(2820892.32143549, 2820906.57646312, 2820926.62899654, 2819940.58126279, 2819932.70889812, 2819606.60963125, 2817636.50838949, 2817622.74588073, 2817612.56909046, 2819576.56729319, 2820892.32143549, 1034061.42578871, 1032747.18200786, 1030779.63500053, 1030775.98605113, 1031432.91755724, 1031433.55824899, 1031413.3213656, 1032724.28715592, 1034039.66224831, 1034049.2696081, 1034061.42578871)))
"11","27","053","27053125900",list(list(c(2819664.06532784, 2819921.19345157, 2820336.23483548, 2820637.13555492, 2821098.81966759, 2821193.35009612, 2821931.23016003, 2820822.39559749, 2819510.84788086, 2818857.15826144, 2818193.63045451, 2818191.50572175, 2818192.23830224, 2818191.21845646, 2818199.14273707, 2818848.83537386, 2818840.75893751, 2819371.72423401, 2819664.06532784, 1043523.10020962, 1043178.00674707, 1042553.63350765, 1041873.15641471, 1040747.17562747, 1040576.32657475, 1039268.80838042, 1039258.50154161, 1039246.38545147, 
1039238.91861713, 1039231.38200683, 1040539.54606248, 1041195.46805879, 1041844.81159548, 1043157.8103244, 1043164.49206297, 1043818.87650912, 1043898.13463888, 1043523.10020962)))
"12","27","053","27053000603",list(list(c(2824518.00724364, 2824531.159597, 2824542.84764284, 2824548.64121709, 2824548.69293979, 2824565.04330891, 2824578.0812852, 2824586.93402139, 2824586.93649005, 2823875.68328595, 2822918.379394, 2821918.13367914, 2821917.8512653, 2821907.65327609, 2821902.52865967, 2821882.68407376, 2823852.56178224, 2824513.24216155, 2824518.00724364, 1070732.97417747, 1069545.57936343, 1068701.19753805, 1068227.33519741, 1068221.86653854, 1066903.22808192, 1065851.27650761, 1065016.72550182, 1065016.51111234, 
1065119.25025833, 1066219.02475284, 1066832.78270086, 1066863.04261119, 1068177.36365165, 1068837.25910255, 1071074.32106784, 1071111.0285627, 1071122.73587442, 1070732.97417747)))
"13","27","053","27053003300",list(list(c(2806251.00976707, 2805629.15030553, 2803639.49614596, 2803636.82684344, 2803635.51042322, 2805263.79001788, 2806191.36168623, 2806251.00976707, 1052290.14059585, 1052299.39468312, 1052282.46411818, 1053515.15961841, 1054832.45564139, 1054844.84020189, 1054868.09540652, 1052290.14059585)))
"14","27","053","27053007801",list(list(c(2813585.84061118, 2813206.95513976, 2812495.65094815, 2812465.66413542, 2811934.15653235, 2811932.42518478, 2811606.48914646, 2811602.75975388, 2811600.88090612, 2813585.84061118, 1041801.73461081, 1041149.36838485, 1039735.32615658, 1039175.76573044, 1039171.05576345, 1040478.49124519, 1040476.70320395, 1041133.31291524, 1041785.56415517, 1041801.73461081)))
"15","27","053","27053009600",list(list(c(2817584.75523407, 2817603.74247649, 2817612.56909046, 2817622.74588073, 2817636.50838949, 2815672.57473966, 2815670.57114748, 2815658.45716443, 2815633.10765569, 2815622.28387297, 2816274.0420201, 2817584.75523407, 1036011.51945198, 1034695.49327826, 1034039.66224831, 1032724.28715592, 1031413.3213656, 1031398.42783481, 1032711.32288194, 1034025.22194941, 1035342.28443779, 1035996.64005789, 1035999.6133966, 1036011.51945198)))
"16","27","053","27053012001",list(list(c(2805119.03934618, 2806103.41757244, 2809076.79151683, 2808675.97977105, 2808426.47543281, 2807257.16130361, 2807176.46138516, 2807172.10658548, 2804812.20783277, 2801197.89405123, 2801186.99916135, 2801184.29045455, 2801175.91823703, 2801167.64429855, 2801165.06137325, 2803466.38566794, 2803800.39387806, 2805119.03934618, 1022033.86131161, 1022036.80223556, 1022042.79438539, 1020724.58767993, 1020062.145122, 1018353.76512446, 1018088.9216791, 1018088.92965519, 1018093.15927709, 1018099.63822677, 
1019407.02306272, 1019685.83497616, 1020720.54668194, 1021668.38674921, 1022039.55370971, 1022031.14748656, 1022031.05308126, 1022033.86131161)))
"17","27","053","27053022801",list(list(c(2798425.60118302, 2798426.68436373, 2798434.679014, 2798421.81365416, 2798418.71041622, 2798410.06116337, 2798401.26557871, 2798398.7447564, 2798417.31768684, 2798425.60118302, 1043058.74231927, 1042706.18526096, 1040408.55898449, 1040408.47950396, 1041043.81140454, 1041990.00063846, 1043930.14944643, 1045133.89202985, 1045139.07083322, 1043058.74231927)))
"18","27","053","27053023600",list(list(c(2798502.16482713, 2798518.94069237, 2798518.53885556, 2798484.45425697, 2798459.43097545, 2798487.49066928, 2798502.16482713, 1024680.87241339, 1023362.98964426, 1023362.99032375, 1025995.51514648, 1027721.15142573, 1025995.10707286, 1024680.87241339)), list(c(2798441.70532987, 2798454.75010119, 2798446.45350568, 2798441.70532987, 1029399.78282193, 1028043.96394512, 1028616.14220257, 1029399.78282193)))
"19","27","053","27053100400",list(list(c(2808711.2427123, 2809068.24014823, 2810107.67864828, 2810243.33772746, 2810435.12211574, 2811183.02655129, 2811311.57081134, 2809141.76120069, 2808098.15465327, 2807447.04967576, 2806476.59333267, 2806152.86825032, 2804827.10649555, 2803505.49537524, 2803461.09957577, 2803445.7081499, 2804104.46436902, 2804088.98969682, 2805409.5574224, 2805420.22356514, 2806075.89180221, 2808054.5603786, 2808711.2427123, 1069460.60242074, 1069466.26683142, 1069808.61439668, 1069198.72211847, 1068675.73633155, 
1067103.57262713, 1066689.78424272, 1066700.63175285, 1066699.9344937, 1066701.22111712, 1066703.7889105, 1066702.46504569, 1066707.89426966, 1066711.98334061, 1068689.23337238, 1069347.2186901, 1069348.42669919, 1070105.22000833, 1070107.72319303, 1069344.32639231, 1069464.43146884, 1069458.90417342, 1069460.60242074)))
"20","27","053","27053100800",list(list(c(2806476.59333267, 2806491.52294304, 2806510.58040233, 2805529.87641837, 2804870.63708316, 2803564.56596723, 2803538.81438541, 2803505.49537524, 2804827.10649555, 2806152.86825032, 2806476.59333267, 1066703.7889105, 1064727.75137042, 1062752.84672733, 1062753.18372115, 1062754.11652164, 1062756.8780036, 1064730.26793476, 1066711.98334061, 1066707.89426966, 1066702.46504569, 1066703.7889105)))
"21","27","053","27053102000",list(list(c(2803601.25707632, 2803619.06257114, 2802290.66728419, 2800965.14426102, 2800948.28141569, 2800927.77321713, 2801015.76019167, 2801815.49124593, 2802533.47255474, 2802725.29237749, 2803460.24717406, 2803601.25707632, 1059338.29408676, 1057478.96732709, 1057483.07967708, 1057508.41949996, 1060110.42967188, 1062600.87003876, 1062611.13124257, 1061430.66614228, 1060293.29636472, 1060120.99498851, 1059465.07706004, 1059338.29408676)))
"22","27","053","27053102800",list(list(c(2806471.50198822, 2806486.45393452, 2806191.36168623, 2805263.79001788, 2803635.51042322, 2803622.71419692, 2803619.06257114, 2803601.25707632, 2804218.11699198, 2804448.59550875, 2804999.77892604, 2806007.40893676, 2806006.67671425, 2806471.50198822, 1057642.57956008, 1055031.05571691, 1054868.09540652, 1054844.84020189, 1054832.45564139, 1056589.00237832, 1057478.96732709, 1059338.29408676, 1058735.72934431, 1058096.7148398, 1057800.97539581, 1057764.38244223, 1057759.27171262, 1057642.57956008
)))
"23","27","053","27053104100",list(list(c(2806251.00976707, 2807293.04445894, 2807153.60983881, 2806552.44995493, 2806533.31959373, 2808893.2109193, 2808891.54003312, 2808422.23641451, 2806965.65653488, 2806966.0807136, 2805547.12835122, 2803646.05178002, 2802479.37189264, 2802083.6369377, 2801008.13759559, 2801007.67565975, 2801006.99350288, 2801619.52003725, 2803639.49614596, 2805629.15030553, 2806251.00976707, 1052290.14059585, 1052225.46331511, 1051771.78887643, 1051448.31327025, 1050904.52795349, 1050498.00263605, 1049828.21512585, 
1049605.00752266, 1049651.10470136, 1049601.88721594, 1049212.70844206, 1049825.83787489, 1050144.86775317, 1050892.98658713, 1050888.0015467, 1050964.31237165, 1052092.63457805, 1052085.71868376, 1052282.46411818, 1052299.39468312, 1052290.14059585)))
"24","27","053","27053105600",list(list(c(2810534.90446233, 2810797.6126777, 2811577.44921533, 2811581.68484901, 2811593.59615008, 2810256.71724843, 2808957.40634994, 2808956.31412556, 2808955.9695743, 2808849.87327064, 2808913.63960838, 2809408.80017001, 2809692.57667845, 2810534.90446233, 1046223.92646689, 1046224.04858994, 1046225.09050532, 1045745.67819197, 1044397.49163326, 1044388.63927492, 1044375.82339835, 1044917.24450373, 1044986.51547218, 1045994.07516233, 1046637.05608436, 1046514.49343752, 1046354.36167746, 1046223.92646689
)))
"25","27","003","27003051400",list(list(c(2818589.28728934, 2815985.9135711, 2812855.30492001, 2812855.22386912, 2813980.60412235, 2818589.26537593, 2818589.28728934, 1071023.0572673, 1070997.5027863, 1070954.44108978, 1070959.6074471, 1070977.37058216, 1071024.60531604, 1071023.0572673)))
"26","27","053","27053106900",list(list(c(2813636.28854192, 2813632.49785481, 2813633.17857166, 2813771.99773542, 2813585.84061118, 2811600.88090612, 2811598.95350376, 2811597.36844449, 2811597.34385253, 2811593.59615008, 2812249.2104864, 2812901.97752271, 2813636.28854192, 1044414.17914545, 1043766.25061893, 1043110.34119467, 1042320.76435697, 1041801.73461081, 1041785.56415517, 1042443.28432505, 1043091.52830294, 1043123.61285462, 1044397.49163326, 1044403.29418004, 1044409.0917119, 1044414.17914545)))
"27","27","053","27053108800",list(list(c(2825845.42826705, 2825865.73857317, 2825882.16827553, 2825898.59844822, 2824454.62984015, 2824128.32226641, 2823802.80119309, 2823474.2271456, 2823140.39895003, 2821931.23016003, 2822127.98804599, 2824774.89772996, 2825845.42826705, 1039304.19779911, 1036759.11644514, 1035439.42185231, 1034119.72874009, 1034082.35190056, 1034741.38614669, 1035401.5268005, 1036057.99797428, 1036724.63394055, 1039268.80838042, 1039270.64335415, 1039295.50641603, 1039304.19779911)))
"28","27","053","27053109300",list(list(c(2812498.90715335, 2812524.59560136, 2812532.6734968, 2812333.81424091, 2810759.14023426, 2808986.93738412, 2808983.39984478, 2808981.7690022, 2809977.31232595, 2811168.62120999, 2811636.7341781, 2812426.91002705, 2812498.90715335, 1036626.0613329, 1035307.17540155, 1033988.49924779, 1033984.54771014, 1033965.90597715, 1033939.09775035, 1035267.29234831, 1036584.56713124, 1036595.81230851, 1036606.64085996, 1036613.32310206, 1036627.24549952, 1036626.0613329)))
"29","27","053","27053110000",list(list(c(2814366.51623913, 2813288.72810573, 2812685.0268727, 2812550.36241376, 2812532.6734968, 2812669.64856302, 2814346.81141383, 2814358.59807912, 2814366.51623913, 1031384.49689164, 1031303.04123851, 1031355.64186007, 1031353.35252262, 1033988.49924779, 1033991.17374252, 1034017.07390375, 1032701.71349339, 1031384.49689164)))
"30","27","053","27053110800",list(list(c(2812569.66263888, 2810696.7497725, 2809030.77775463, 2809013.30408272, 2809001.82636309, 2808998.35191456, 2810673.61718771, 2812345.26913068, 2812550.36241376, 2812581.01709041, 2812569.66263888, 1027398.02698145, 1027360.34299393, 1027327.5422708, 1028650.13924327, 1029968.41473412, 1031289.67812337, 1031320.00856101, 1031348.61658477, 1031353.35252262, 1028716.5037101, 1027398.02698145)))
"31","27","053","27053111600",list(list(c(2815674.54205685, 2815686.46009111, 2815690.69914596, 2815692.39279426, 2815710.32557429, 2814500.59678868, 2813483.65207695, 2812580.32928647, 2812583.09321246, 2812568.14609483, 2812569.66263888, 2814354.47821044, 2815674.54205685, 1027447.68324192, 1026126.49772177, 1025656.5730874, 1025468.82202375, 1022820.20538228, 1022927.45606593, 1022686.84826257, 1022838.14155971, 1024921.09080915, 1026080.00360663, 1027398.02698145, 1027437.27485818, 1027447.68324192)))
"32","27","053","27053126000",list(list(c(2815554.83627668, 2815560.69020114, 2815564.47687801, 2815560.71602819, 2814902.88257206, 2814243.22352758, 2813583.5642989, 2812465.66413542, 2812495.65094815, 2813206.95513976, 2813585.84061118, 2813771.99773542, 2813633.17857166, 2813632.49785481, 2814228.89730133, 2815548.91596536, 2815554.83627668, 1043128.31981977, 1041819.45847114, 1041170.14050213, 1039204.91621552, 1039197.53416018, 1039191.61459725, 1039185.71559652, 1039175.76573044, 1039735.32615658, 1041149.36838485, 1041801.73461081, 
1042320.76435697, 1043110.34119467, 1043766.25061893, 1043767.21035849, 1043784.5470469, 1043128.31981977)))
"33","27","053","27053020101",list(list(c(2824566.92218048, 2824565.04330891, 2824548.69293979, 2824548.64121709, 2824542.84764284, 2824558.553263, 2824566.91602748, 2824566.92218048, 1066903.26007786, 1066903.22808192, 1068221.86653854, 1068227.33519741, 1068701.19753805, 1067566.60727399, 1066903.84013366, 1066903.26007786)), list(c(2824513.68996607, 2824518.00724364, 2824513.24216155, 2824513.68996607, 1071122.74240466, 1070732.97417747, 1071122.73587442, 1071122.74240466)))
"34","27","053","27053101300",list(list(c(2803564.56596723, 2803579.58046643, 2803594.58309314, 2803597.31378031, 2803601.25707632, 2803460.24717406, 2802725.29237749, 2802533.47255474, 2801815.49124593, 2801015.76019167, 2800927.77321713, 2800926.91232595, 2800926.90325309, 2800926.6557381, 2802244.62311129, 2803564.56596723, 1062756.8780036, 1061441.14693145, 1060126.87574641, 1059804.22437534, 1059338.29408676, 1059465.07706004, 1060120.99498851, 1060293.29636472, 1061430.66614228, 1062611.13124257, 1062600.87003876, 1062705.41334132, 
1062706.49312383, 1062736.55365255, 1062748.6654986, 1062756.8780036)))
"35","27","053","27053102900",list(list(c(2807267.17158411, 2808845.57372133, 2808866.59918037, 2806486.45393452, 2806471.50198822, 2807267.17158411, 1057648.34216044, 1057660.20910064, 1055038.52842199, 1055031.05571691, 1057642.57956008, 1057648.34216044)))
"36","27","053","27053106400",list(list(c(2825813.10626045, 2827292.31104773, 2824773.0907207, 2823197.33010804, 2823192.77682429, 2823297.33262662, 2823143.24457748, 2824035.62183174, 2825061.94566668, 2825813.10626045, 1044936.9843672, 1043271.74074294, 1043237.19186574, 1043213.96201934, 1044526.84993008, 1044970.09346264, 1045060.89168483, 1045155.6928335, 1045783.02585952, 1044936.9843672)))
"37","27","053","27053108900",list(list(c(2827168.91976573, 2827182.3767719, 2827188.95937836, 2827846.76896608, 2827857.33162404, 2827868.12146734, 2826878.2852814, 2825898.59844822, 2825882.16827553, 2825865.73857317, 2825845.42826705, 2827168.91976573, 1039312.81018461, 1038095.9018667, 1036785.59140551, 1036803.56323245, 1035487.45864404, 1034174.63909858, 1034149.84701848, 1034119.72874009, 1035439.42185231, 1036759.11644514, 1039304.19779911, 1039312.81018461)))
"38","27","123","27123030100",list(list(c(2829691.94335438, 2829693.02666777, 2829692.73258684, 2829691.94335438, 1051191.83874052, 1050994.69750476, 1050994.93167287, 1051191.83874052)), list(c(2829687.96781879, 2829684.88902138, 2829681.41984059, 2829687.96781879, 1053816.93177566, 1052951.60428862, 1053816.86829667, 1053816.93177566)))
"39","27","053","27053001100",list(list(c(2821947.04509419, 2820629.01030416, 2819313.28789005, 2819299.1071119, 2819286.96493265, 2821932.20992819, 2821940.66217239, 2821947.04509419, 1062903.66858824, 1062884.48148823, 1062866.85630536, 1064182.22946324, 1065500.90444593, 1065546.20973077, 1064224.94801795, 1062903.66858824)))
"40","27","053","27053011703",list(list(c(2819647.03583779, 2819650.32573187, 2819661.26447893, 2819644.51939574, 2819181.08954368, 2818146.88457033, 2817995.46982331, 2817015.02581005, 2815710.32557429, 2815692.39279426, 2815690.69914596, 2815686.46009111, 2815674.54205685, 2818670.60732426, 2818659.07463224, 2819647.03583779, 1027465.29623544, 1027108.02247928, 1025498.06871349, 1021941.65594573, 1021925.72775286, 1022922.17053919, 1022847.13976201, 1022842.22316892, 1022820.20538228, 1025468.82202375, 1025656.5730874, 1026126.49772177, 
1027447.68324192, 1027469.45292765, 1027257.88167883, 1027465.29623544)))
"41","27","053","27053020500",list(list(c(2808445.68857856, 2808428.23555795, 2805784.15938118, 2805458.76427256, 2804462.89469992, 2801909.11984596, 2801909.05240414, 2803149.55778838, 2805784.05223862, 2808445.68857856, 1076612.78507307, 1076612.49800522, 1076592.58036938, 1076592.70997309, 1076598.06584878, 1076597.26783229, 1076597.52678109, 1076605.74196585, 1076592.93064777, 1076612.78507307)))
"42","27","053","27053106000",list(list(c(2819664.06532784, 2819371.72423401, 2818840.75893751, 2818848.83537386, 2818199.14273707, 2816879.84893491, 2816313.22485765, 2816289.45418678, 2816282.27445496, 2816930.25364312, 2817218.69575828, 2818194.61962645, 2818576.70008239, 2818902.5051806, 2819565.55592887, 2819864.39925795, 2819664.06532784, 1043523.10020962, 1043898.13463888, 1043818.87650912, 1043164.49206297, 1043157.8103244, 1043141.77363239, 1043138.09219975, 1044447.88677176, 1045583.5537421, 1045599.64135932, 1045475.0187878, 
1045661.4844574, 1045741.91394942, 1045749.27790639, 1044409.6317279, 1043806.41949896, 1043523.10020962)))
"43","27","053","27053002700",list(list(c(2803619.06257114, 2803622.71419692, 2803635.51042322, 2802307.26577943, 2800984.43294438, 2800970.9852655, 2800965.14426102, 2802290.66728419, 2803619.06257114, 1057478.96732709, 1056589.00237832, 1054832.45564139, 1054829.64214989, 1054829.50941727, 1056607.08396503, 1057508.41949996, 1057483.07967708, 1057478.96732709)))
"44","27","053","27053008300",list(list(c(2813633.72975997, 2812498.90715335, 2812426.91002705, 2811636.7341781, 2811619.81973861, 2811606.39776643, 2811934.15653235, 2812465.66413542, 2813583.5642989, 2813633.72975997, 1036640.90260946, 1036626.0613329, 1036627.24549952, 1036613.32310206, 1037853.9000187, 1039168.15797604, 1039171.05576345, 1039175.76573044, 1039185.71559652, 1036640.90260946)))
"45","27","053","27053101800",list(list(c(2819299.1071119, 2819313.28789005, 2819329.42928969, 2819330.96250499, 2817630.55546482, 2816842.0326582, 2816697.62184882, 2816001.08079463, 2816048.56525979, 2815949.36078041, 2815241.05845691, 2815221.03237256, 2819299.1071119, 1064182.22946324, 1062866.85630536, 1061310.49770072, 1060947.36357419, 1060783.01530384, 1060771.82213348, 1059955.25087204, 1059951.85252932, 1060363.92231446, 1062837.60750137, 1062829.75164587, 1064161.84445505, 1064182.22946324)))
"46","27","053","27053106200",list(list(c(2823143.24457748, 2823297.33262662, 2823192.77682429, 2823197.33010804, 2822373.71654602, 2821560.16683904, 2819921.19345157, 2819664.06532784, 2819864.39925795, 2819565.55592887, 2818902.5051806, 2819492.39082905, 2820679.30217488, 2823143.24457748, 1045060.89168483, 1044970.09346264, 1044526.84993008, 1043213.96201934, 1043203.3332931, 1043196.11169006, 1043178.00674707, 1043523.10020962, 1043806.41949896, 1044409.6317279, 1045749.27790639, 1045552.34800486, 1045061.98404989, 1045060.89168483
)))
"47","27","053","27053109800",list(list(c(2801079.39922112, 2801103.68325617, 2800113.63365868, 2798455.98869704, 2798454.75010119, 2798441.70532987, 2798439.028365, 2798438.44816616, 2798430.64758189, 2798427.5846073, 2798425.61213735, 2798425.65671845, 2799750.80942615, 2800080.37484673, 2801072.27701961, 2801081.03529653, 2801082.33564153, 2801079.39922112, 1029956.70246042, 1027974.97330555, 1027971.12170461, 1027958.54481481, 1028043.96394512, 1029399.78282193, 1029841.58090646, 1029950.17461695, 1031247.70012085, 1032567.50618421, 
1033590.87016388, 1033845.75523908, 1033846.83425727, 1033891.49115426, 1033888.43160796, 1031905.108175, 1031251.76562167, 1029956.70246042)))
"48","27","053","27053000102",list(list(c(2808445.68857856, 2809966.38523853, 2810052.31957566, 2810170.83243, 2810555.38091282, 2810123.58681476, 2810090.47449516, 2810056.52849116, 2810026.93429231, 2809995.8825941, 2809972.27609586, 2809947.01208621, 2809924.5331917, 2809896.0341583, 2809917.207732, 2809909.57019139, 2809970.23068343, 2810107.67864828, 2809068.24014823, 2808711.2427123, 2808707.63703586, 2807807.406949, 2805859.63106427, 2805870.41542473, 2805828.52730524, 2805802.58248051, 2805795.44024113, 2805809.82948569, 
2805784.15938118, 2808428.23555795, 2808445.68857856, 1076612.78507307, 1076624.27922034, 1076626.4573447, 1076629.46025445, 1073873.5622534, 1071870.66922263, 1071766.42889141, 1071673.25705118, 1071583.41596993, 1071477.52215682, 1071385.92674194, 1071272.01664269, 1071147.90745942, 1070913.18535226, 1070913.51603882, 1070878.09613193, 1070181.13211658, 1069808.61439668, 1069466.26683142, 1069460.60242074, 1069904.29887025, 1070889.30549973, 1071679.39162117, 1072170.24684319, 1072864.83141202, 
1073961.35217393, 1075276.80089518, 1075648.46132714, 1076592.58036938, 1076612.49800522, 1076612.78507307)))
"49","27","053","27053109400",list(list(c(2814346.81141383, 2812669.64856302, 2812532.6734968, 2812524.59560136, 2812498.90715335, 2813633.72975997, 2814293.69130745, 2814321.27150972, 2814346.81141383, 1034017.07390375, 1033991.17374252, 1033988.49924779, 1035307.17540155, 1036626.0613329, 1036640.90260946, 1036650.8157513, 1035335.59391769, 1034017.07390375)))
"50","27","053","27053106500",list(list(c(2804755.83989609, 2804668.69697597, 2804998.42514375, 2804998.08553347, 2804666.39640143, 2805485.70018944, 2804950.67030417, 2804986.1866389, 2805530.79925608, 2805259.53730577, 2804562.07470353, 2804590.77598832, 2804487.16386628, 2804477.33872226, 2804065.15408989, 2803225.29646554, 2802815.8604983, 2801155.61848151, 2799768.33589491, 2799185.27329842, 2798428.1860833, 2798424.44825188, 2798434.679014, 2798426.68436373, 2798425.60118302, 2798876.79304191, 2799430.27742959, 2799552.34908629, 
2799619.25553933, 2801574.20970859, 2804482.27766625, 2804755.83989609, 1046800.6892209, 1045696.30448869, 1045699.11247554, 1044554.63231709, 1044475.9711961, 1043682.29789868, 1042494.24499186, 1042032.60144692, 1041616.13844345, 1040791.6528571, 1040122.50869278, 1039883.21205179, 1039523.5673979, 1039156.33431566, 1039491.9116986, 1039916.85653497, 1039868.56030698, 1039080.24490638, 1039084.03404443, 1039114.58365256, 1039103.25565372, 1039868.86530558, 1040408.55898449, 1042706.18526096, 1043058.74231927, 
1043059.53560418, 1043713.44894192, 1045417.49656857, 1045464.71837285, 1045714.68315648, 1046830.08238051, 1046800.6892209)))
"51","27","053","27053109900",list(list(c(2806346.11958246, 2807665.67121538, 2807663.38172824, 2808986.93738412, 2810759.14023426, 2812333.81424091, 2812532.6734968, 2812550.36241376, 2812345.26913068, 2810673.61718771, 2808998.35191456, 2808342.33754827, 2807109.34088662, 2806926.16156248, 2806509.32585892, 2806099.4129757, 2805981.93141186, 2805179.94494214, 2803733.93694451, 2803226.71437002, 2802405.81710729, 2802348.82859143, 2802824.95366404, 2803023.30008628, 2803889.38647716, 2803678.60285151, 2803523.36358924, 2803274.93069451, 
2803993.1222031, 2804586.76877745, 2804891.0941419, 2806346.11958246, 1035240.48085693, 1035253.30650957, 1033930.53097906, 1033939.09775035, 1033965.90597715, 1033984.54771014, 1033988.49924779, 1031353.35252262, 1031348.61658477, 1031320.00856101, 1031289.67812337, 1031283.24718264, 1031266.38748404, 1030039.77021657, 1028629.94451545, 1027826.50829459, 1027690.60215896, 1027169.30797947, 1027101.24736576, 1027253.01004645, 1028017.94798457, 1028449.87779022, 1029619.12108645, 1029811.83842362, 
1032515.69533007, 1032909.49768923, 1033013.91813518, 1033727.52131172, 1034089.07408846, 1034567.35704654, 1035232.05248243, 1035240.48085693)))
"52","27","053","27053110900",list(list(c(2815674.54205685, 2814354.47821044, 2812569.66263888, 2812581.01709041, 2812550.36241376, 2812685.0268727, 2813288.72810573, 2814366.51623913, 2815672.57473966, 2815672.55159998, 2815672.56097715, 2815670.70297424, 2815674.54205685, 1027447.68324192, 1027437.27485818, 1027398.02698145, 1028716.5037101, 1031353.35252262, 1031355.64186007, 1031303.04123851, 1031384.49689164, 1031398.42783481, 1030740.69552042, 1030079.31790082, 1028763.47415132, 1027447.68324192)))
"53","27","053","27053111300",list(list(c(2806405.56656699, 2806407.792489, 2806428.18186246, 2805111.72811074, 2805119.03934618, 2803800.39387806, 2803466.38566794, 2801165.06137325, 2801159.5685642, 2801156.13629273, 2801139.24963194, 2801124.38752646, 2802440.783583, 2803755.08393509, 2805081.49876096, 2806405.56656699, 1025990.48698286, 1025519.81586014, 1023355.40150504, 1023348.15464042, 1022033.86131161, 1022031.05308126, 1022031.14748656, 1022039.55370971, 1022698.68981214, 1023359.30180949, 1024670.59936465, 1025987.74869213, 
1025981.98783352, 1025979.20781887, 1025983.90444686, 1025990.48698286)))
"54","27","053","27053126200",list(list(c(2814138.64025408, 2814785.04211909, 2815117.67644426, 2814748.15852154, 2814372.23796055, 2813793.38720794, 2812895.36838397, 2811846.57000998, 2811320.40760361, 2810579.76560264, 2810667.66504093, 2810359.06657191, 2809740.02049974, 2808904.85380052, 2808893.00062043, 2808891.54003312, 2808893.2109193, 2808884.97111963, 2808726.51307939, 2808942.51418864, 2808813.24790893, 2808952.01706424, 2808866.59918037, 2810565.10435815, 2811872.18593817, 2812575.69820049, 2813437.31765029, 2814138.64025408, 
1054187.81820271, 1053026.15910696, 1052693.7169177, 1052466.16163902, 1052114.95509404, 1051508.90556651, 1052364.63824291, 1051291.41998793, 1050979.41041843, 1050307.4888289, 1049316.54512184, 1049035.64289579, 1048919.01419997, 1048834.42812134, 1049719.94123843, 1049828.21512585, 1050498.00263605, 1051206.35201603, 1052228.04561846, 1052234.66635634, 1053915.81607914, 1054261.93910761, 1055038.52842199, 1055066.15266015, 1055091.5383846, 1055405.50359213, 1054640.94682101, 1054187.81820271)))
"55","27","053","27053002400",list(list(c(2816001.08079463, 2816024.47626329, 2814201.13706365, 2813285.46398367, 2812093.87883079, 2812336.81019755, 2812328.74548809, 2813770.53879574, 2814081.63043923, 2815270.81805218, 2816001.08079463, 1059951.85252932, 1057566.81589687, 1057548.93467746, 1057539.28811278, 1057634.06275322, 1059613.10463232, 1060171.97280407, 1060225.29114372, 1059858.00144752, 1059959.11126047, 1059951.85252932)))
"56","27","053","27053005901",list(list(c(2817966.36927014, 2817765.50666062, 2818194.61962645, 2817218.69575828, 2816930.25364312, 2816282.27445496, 2814001.23712323, 2813787.54369974, 2813624.77154454, 2813621.98467249, 2813636.64395755, 2816279.62234694, 2816278.82986257, 2816688.23264282, 2817106.08749775, 2817897.52768692, 2817966.36927014, 1047129.83624455, 1046281.3966136, 1045661.4844574, 1045475.0187878, 1045599.64135932, 1045583.5537421, 1045458.74115541, 1045533.76058336, 1045587.72546284, 1045667.91273737, 1046373.91097444, 
1046390.75693575, 1046706.85921534, 1046969.43847869, 1047667.43732838, 1047186.08521611, 1047129.83624455)))
"57","27","053","27053008400",list(list(c(2815611.14884308, 2814949.58174596, 2814293.69130745, 2813633.72975997, 2813583.5642989, 2814243.22352758, 2814902.88257206, 2815560.71602819, 2815611.14884308, 1036656.8268062, 1036652.6917156, 1036650.8157513, 1036640.90260946, 1039185.71559652, 1039191.61459725, 1039197.53416018, 1039204.91621552, 1036656.8268062)))
"58","27","053","27053010700",list(list(c(2809030.77775463, 2806412.11063854, 2805981.93141186, 2806099.4129757, 2806509.32585892, 2806926.16156248, 2807109.34088662, 2808342.33754827, 2808998.35191456, 2809001.82636309, 2809013.30408272, 2809030.77775463, 1027327.5422708, 1027310.73724489, 1027690.60215896, 1027826.50829459, 1028629.94451545, 1030039.77021657, 1031266.38748404, 1031283.24718264, 1031289.67812337, 1029968.41473412, 1028650.13924327, 1027327.5422708)))
"59","27","053","27053011998",list(list(c(2828010.66739, 2828508.74265329, 2829154.88362541, 2829703.97100207, 2830326.60524472, 2831686.97605258, 2832341.06125223, 2829971.29353486, 2829643.29829562, 2828651.02156237, 2827332.57615169, 2826012.05346007, 2826003.66556203, 2825997.0627623, 2825981.86068112, 2827305.13641768, 2828010.66739, 1027637.30015064, 1027162.64362013, 1026327.38306371, 1025647.24992485, 1025001.02352152, 1024350.34719807, 1023704.12263106, 1023674.81893995, 1023671.27723996, 1023660.60276307, 1023645.02799788, 
1023629.88017008, 1024948.17981522, 1026269.41463675, 1027650.36306193, 1027676.47567268, 1027637.30015064)))
"60","27","053","27053012003",list(list(c(2815710.32557429, 2815698.83358426, 2815690.75658233, 2815690.96339843, 2815562.42906415, 2815566.97984646, 2815599.8734975, 2815630.01738834, 2815668.15883465, 2815766.06936846, 2815887.57247507, 2816006.48073437, 2816006.08353012, 2814410.57623463, 2812082.17495809, 2809095.49877248, 2807176.46138516, 2807257.16130361, 2808426.47543281, 2808675.97977105, 2810408.9370964, 2810739.02855156, 2811729.34395602, 2812597.61065776, 2812580.32928647, 2813483.65207695, 2814500.59678868, 2815710.32557429, 
1022820.20538228, 1020819.21141608, 1019502.22786449, 1018847.05624172, 1018845.89753161, 1018772.29079732, 1018630.76067026, 1018564.31191918, 1018501.94584211, 1018393.08647935, 1018312.14956854, 1018260.35732958, 1018192.5017099, 1018178.38309493, 1018134.27323935, 1018085.49395898, 1018088.9216791, 1018353.76512446, 1020062.145122, 1020724.58767993, 1020742.99486193, 1020748.80883226, 1020761.54227201, 1020773.60337245, 1022838.14155971, 1022686.84826257, 1022927.45606593, 1022820.20538228)))
"61","27","053","27053021200",list(list(c(2800870.01807504, 2800870.9316819, 2800834.50565866, 2800825.83162663, 2800835.21719484, 2800870.01807504, 1066691.30548412, 1066646.19505138, 1068011.30074824, 1068369.0465014, 1068012.34755129, 1066691.30548412)), list(c(2800766.45603199, 2800785.92637231, 2800766.06839506, 2800660.42693053, 2800653.86582194, 2800612.97144026, 2799616.92977596, 2799615.63742307, 2799631.28828509, 2800616.71288366, 2800630.9022342, 2800650.80464514, 2800766.45603199, 1070833.83032424, 1070014.88428532, 
1070833.91009366, 1070833.45169984, 1071177.43105587, 1072558.82568231, 1072582.45082896, 1072643.50523114, 1072643.4265794, 1072641.4005614, 1071961.89005214, 1071372.48556676, 1070833.83032424)))
"62","27","053","27053022000",list(list(c(2798414.28230413, 2798417.31768684, 2798398.7447564, 2798397.64825092, 2798397.60112953, 2798414.28230413, 1045666.25530043, 1045139.07083322, 1045133.89202985, 1045657.36914207, 1045666.34514082, 1045666.25530043)))
"63","27","053","27053022901",list(list(c(2798425.61213735, 2798427.5846073, 2798425.43200544, 2798425.5488284, 2798425.61213735, 1033590.87016388, 1032567.50618421, 1032567.50080341, 1033229.42032147, 1033590.87016388)), list(c(2798413.31799286, 2798417.38399257, 2798413.0012774, 2798413.31799286, 1035946.09074192, 1035222.55677388, 1035948.46571884, 1035946.09074192)), list(c(2798441.49494729, 2798420.04453425, 2798421.19306391, 2798421.2203253, 2798441.49494729, 1038128.06359042, 1037965.78258172, 1038122.76718125, 1038126.49322071, 
1038128.06359042)))
"64","27","123","27123031900",list(list(c(2829693.02666777, 2829704.18659715, 2829705.10297038, 2829717.18574831, 2829716.34676091, 2829700.93452778, 2829692.73258684, 2829693.02666777, 1050994.69750476, 1048963.64994674, 1048790.20702021, 1046502.40673324, 1046502.87116636, 1049534.76906597, 1050994.93167287, 1050994.69750476)))
"65","27","053","27053100900",list(list(c(2811311.57081134, 2811730.31150946, 2812135.55087164, 2812188.35259819, 2809602.35680634, 2809188.07225067, 2807489.20335704, 2807165.40512077, 2806510.58040233, 2806491.52294304, 2806476.59333267, 2807447.04967576, 2808098.15465327, 2809141.76120069, 2811311.57081134, 1066689.78424272, 1064457.35160556, 1063377.69590809, 1062789.68979842, 1062761.43885135, 1062757.81852954, 1062753.99565144, 1062754.11458455, 1062752.84672733, 1064727.75137042, 1066703.7889105, 1066701.22111712, 1066699.9344937, 
1066700.63175285, 1066689.78424272)))
"66","27","053","27053101600",list(list(c(2812188.35259819, 2812328.74548809, 2809623.22034084, 2809224.67398015, 2807218.33069849, 2807176.75182879, 2807165.40512077, 2807489.20335704, 2809188.07225067, 2809602.35680634, 2812188.35259819, 1062789.68979842, 1060171.97280407, 1060140.10925122, 1060135.16793223, 1060129.05134412, 1061439.81094871, 1062754.11458455, 1062753.99565144, 1062757.81852954, 1062761.43885135, 1062789.68979842)))
"67","27","053","27053102600",list(list(c(2829558.08674742, 2826978.44810724, 2826405.47207238, 2825510.52003181, 2824601.89193638, 2823360.79558688, 2822597.0458832, 2822067.37704284, 2821735.84766235, 2821659.40894243, 2822159.02656253, 2820749.89278109, 2820384.608683, 2819687.94344573, 2819240.31214877, 2819285.61473181, 2819308.91925497, 2819337.3052632, 2819341.8690088, 2819337.91405364, 2819329.55137507, 2820647.72509488, 2821965.64159247, 2824617.82819054, 2824689.44609039, 2826243.34606889, 2826468.11349691, 2826930.70396481, 
2826974.63003612, 2829558.08674742, 1060399.82733875, 1058812.56015466, 1058569.3615091, 1058452.18842369, 1058631.34918284, 1059067.3863373, 1058972.71705275, 1058463.87924227, 1057620.73429684, 1056106.90865067, 1054993.32459031, 1054979.84689257, 1054976.46296487, 1054968.56825573, 1054748.23430801, 1054970.33078124, 1056710.80457542, 1056943.31943551, 1057599.6511703, 1058900.16336167, 1060229.80500478, 1060251.82767277, 1060273.56553998, 1060283.16937971, 1060204.36246985, 1062523.07816355, 
1062971.61248673, 1062980.45037243, 1060335.81472729, 1060399.82733875)))
"68","27","053","27053103400",list(list(c(2808866.59918037, 2808952.01706424, 2808813.24790893, 2808942.51418864, 2808726.51307939, 2808884.97111963, 2808893.2109193, 2806533.31959373, 2806552.44995493, 2807153.60983881, 2807293.04445894, 2806251.00976707, 2806191.36168623, 2806486.45393452, 2808866.59918037, 1055038.52842199, 1054261.93910761, 1053915.81607914, 1052234.66635634, 1052228.04561846, 1051206.35201603, 1050498.00263605, 1050904.52795349, 1051448.31327025, 1051771.78887643, 1052225.46331511, 1052290.14059585, 1054868.09540652, 
1055031.05571691, 1055038.52842199)))
"69","27","053","27053104900",list(list(c(2824905.69136037, 2825882.86259022, 2824352.22680662, 2823349.35597963, 2824536.26307524, 2824800.06913364, 2825581.60211874, 2827241.15126879, 2827371.42991491, 2826906.97316279, 2827505.92844947, 2827877.48201329, 2827569.04663504, 2826251.49830301, 2825813.10626045, 2825061.94566668, 2824522.089036, 2822277.02486288, 2821729.20151335, 2821027.53752858, 2819890.300172, 2819855.35327802, 2819862.87995656, 2820451.00320657, 2820984.71315605, 2821535.34990568, 2821431.56128758, 2821163.29083962, 
2820727.45085816, 2820289.56305766, 2820552.07309214, 2821502.16908017, 2822594.55090017, 2823174.67127941, 2823675.35813756, 2824905.69136037, 1051460.97456434, 1050719.16331168, 1050991.23615988, 1050895.01606068, 1050273.97525525, 1049195.78402526, 1048762.38699874, 1047857.22569697, 1047225.8865704, 1046455.04525157, 1046236.18405944, 1045225.4241677, 1045241.42321477, 1045299.9257896, 1044936.9843672, 1045783.02585952, 1046240.96435129, 1046958.92356022, 1047531.7083554, 1047171.51927933, 1047142.76371629, 
1047900.81405609, 1049160.58562684, 1049144.87402135, 1048188.36291251, 1048338.22762951, 1049507.63762329, 1049831.8282709, 1050143.89492935, 1050370.99902527, 1051057.78920359, 1051013.74221649, 1050421.24641006, 1051502.99379211, 1052413.01155183, 1051460.97456434)))
"70","27","053","27053105204",list(list(c(2813636.64395755, 2813621.98467249, 2812895.44113893, 2812360.57224161, 2811916.7460608, 2811581.68484901, 2811577.44921533, 2810797.6126777, 2810534.90446233, 2810527.98587185, 2811177.59258915, 2811567.55064182, 2811942.90732973, 2813467.19171341, 2813624.20924674, 2813615.72765607, 2813613.89987194, 2813615.93955375, 2813636.64395755, 1046373.91097444, 1045667.91273737, 1045871.08151299, 1045914.09212119, 1045847.81247897, 1045745.67819197, 1046225.09050532, 1046224.04858994, 1046223.92646689, 
1047011.40298845, 1047014.20345403, 1048019.20418459, 1047804.49238148, 1047061.1294623, 1046635.94804789, 1046513.3663383, 1046457.20145569, 1046373.72604347, 1046373.91097444)))
"71","27","053","27053106700",list(list(c(2808957.40634994, 2808960.99454091, 2808964.89860621, 2808966.43794455, 2808966.49827794, 2808972.16487113, 2808973.68128543, 2807654.42890156, 2806337.00065141, 2806705.51771523, 2807048.82887128, 2807740.57571624, 2808785.03669643, 2808849.87327064, 2808955.9695743, 2808956.31412556, 2808957.40634994, 1044375.82339835, 1043726.1382464, 1043069.89342532, 1042417.63896926, 1042410.71211307, 1041106.22685255, 1040456.52549162, 1040446.53484707, 1040435.18372056, 1041746.89390689, 1042403.57555697, 
1043715.54317339, 1045681.77770913, 1045994.07516233, 1044986.51547218, 1044917.24450373, 1044375.82339835)))
"72","27","053","27053107000",list(list(c(2811600.88090612, 2811602.75975388, 2811606.48914646, 2808973.68128543, 2808972.16487113, 2808966.49827794, 2810279.87276203, 2811598.95350376, 2811600.88090612, 1041785.56415517, 1041133.31291524, 1040476.70320395, 1040456.52549162, 1041106.22685255, 1042410.71211307, 1042427.66144533, 1042443.28432505, 1041785.56415517)))
"73","27","053","27053107600",list(list(c(2829760.62278466, 2829769.41548837, 2829770.15595201, 2829906.23743211, 2830038.76466099, 2830167.36370119, 2830279.44077354, 2830387.78219421, 2830503.47423033, 2830519.80622429, 2831097.27077341, 2831558.29724286, 2831549.62877508, 2831540.41755254, 2831540.27314115, 2831200.41670287, 2829209.59015677, 2829170.23756819, 2827846.76896608, 2827188.95937836, 2827182.3767719, 2827168.91976573, 2827154.24823455, 2826496.4320424, 2826491.91869815, 2827449.17268338, 2828455.34413218, 2829167.50852856, 
2829760.62278466, 1041106.81557115, 1041101.29748847, 1041039.82282898, 1040976.85072106, 1040906.70930713, 1040829.6018368, 1040754.42879284, 1040673.96300495, 1040578.5754032, 1040563.57730191, 1039357.32772095, 1037425.21488749, 1037205.98692934, 1036873.82159898, 1036864.75571527, 1036879.7754289, 1036831.63855551, 1036830.89367986, 1036803.56323245, 1036785.59140551, 1038095.9018667, 1039312.81018461, 1040629.60889688, 1040624.78300208, 1041097.99238069, 1041382.05361832, 1042148.63323669, 1041641.41523595, 
1041106.81557115)))
"74","27","123","27123042002",list(list(c(2829687.96781879, 2829681.41984059, 2829676.15278274, 2829661.70965852, 2829676.79621195, 2829687.9701136, 2829687.96781879, 1053816.93177566, 1053816.86829667, 1055134.13920373, 1056229.98373621, 1055095.79085568, 1053817.57685524, 1053816.93177566)))
"75","27","123","27123041103",list(list(c(2824513.68996607, 2824513.24216155, 2824513.24029322, 2824513.68858896, 2824513.68996607, 1071122.74240466, 1071122.73587442, 1071122.85888849, 1071122.866732, 1071122.74240466)))
"76","27","123","27123043000",list(list(c(2831562.75757329, 2831558.29724286, 2831097.27077341, 2830519.80622429, 2830613.91571529, 2830718.79281661, 2830808.17715269, 2830901.67130419, 2830988.7815237, 2831069.26084294, 2831142.87992569, 2831209.4289683, 2831268.71867286, 2831320.03113247, 2831350.12115598, 2831383.69522774, 2831414.48579501, 2831459.57482027, 2831482.86851494, 2831500.11460489, 2831518.20164115, 2831533.43332812, 2831543.94131358, 2831552.45686475, 2831560.04335985, 2831564.16680068, 2831566.47809892, 2831565.90746875, 
2831562.75757329, 1037538.02011053, 1037425.21488749, 1039357.32772095, 1040563.57730191, 1040477.1547333, 1040369.98927174, 1040268.88022252, 1040151.65262103, 1040029.60812054, 1039903.09110454, 1039772.46244349, 1039638.09530334, 1039500.37001313, 1039361.29973949, 1039261.46502403, 1039140.93023652, 1039019.65399494, 1038816.05633008, 1038693.12099213, 1038590.28610505, 1038466.47707525, 1038342.2844407, 1038238.54471762, 1038134.62319568, 1038009.73010435, 1037905.54144807, 1037780.43859472, 
1037655.31780213, 1037538.02011053)), list(c(2829746.41606317, 2829769.41548837, 2829760.62278466, 2829739.34137644, 2829746.41606317, 1043010.78734416, 1041101.29748847, 1041106.81557115, 1043008.73877463, 1043010.78734416)))
"77","27","123","27123033200",list(list(c(2829746.41606317, 2829739.34137644, 2829730.76229636, 2829746.41606317, 1043010.78734416, 1043008.73877463, 1044310.45471337, 1043010.78734416)), list(c(2829717.18574831, 2829720.62801399, 2829716.34676091, 2829717.18574831, 1046502.40673324, 1045850.5583715, 1046502.87116636, 1046502.40673324)))
"78","27","123","27123037601",list(list(c(2832762.88992328, 2831891.85563716, 2831772.27530568, 2831748.51041097, 2831767.50123597, 2831819.5750312, 2831884.42689253, 2831956.47348443, 2832035.53078509, 2832112.50647501, 2832204.29871397, 2832302.45687145, 2832396.0312213, 2832505.56656216, 2832620.6850525, 2832762.88992328, 1024248.43586411, 1024886.8503825, 1025298.40466637, 1025663.39098198, 1025607.81542443, 1025476.56705205, 1025333.7104795, 1025194.34519786, 1025058.83334814, 1024940.45748337, 1024813.22688616, 1024690.83965772, 
1024585.0957833, 1024472.77759228, 1024366.18700253, 1024248.43586411)))
"79","27","053","27053107400",list(list(c(2826491.91869815, 2826496.4320424, 2827154.24823455, 2827168.91976573, 2825845.42826705, 2824774.89772996, 2822127.98804599, 2822038.17444374, 2822537.63087164, 2824771.07458518, 2826105.05785958, 2826491.91869815, 1041097.99238069, 1040624.78300208, 1040629.60889688, 1039312.81018461, 1039304.19779911, 1039295.50641603, 1039270.64335415, 1040572.15759911, 1041093.82560598, 1041150.92360932, 1041078.62828808, 1041097.99238069)))
"80","27","053","27053107500",list(list(c(2828455.34413218, 2827449.17268338, 2826491.91869815, 2826105.05785958, 2824771.07458518, 2822537.63087164, 2822038.17444374, 2822127.98804599, 2821931.23016003, 2821193.35009612, 2821098.81966759, 2820637.13555492, 2820336.23483548, 2819921.19345157, 2821560.16683904, 2822373.71654602, 2823197.33010804, 2824773.0907207, 2827292.31104773, 2827886.62456981, 2828455.34413218, 1042148.63323669, 1041382.05361832, 1041097.99238069, 1041078.62828808, 1041150.92360932, 1041093.82560598, 1040572.15759911, 
1039270.64335415, 1039268.80838042, 1040576.32657475, 1040747.17562747, 1041873.15641471, 1042553.63350765, 1043178.00674707, 1043196.11169006, 1043203.3332931, 1043213.96201934, 1043237.19186574, 1043271.74074294, 1042602.5620072, 1042148.63323669)))
"81","27","053","27053108000",list(list(c(2806339.52283136, 2806342.28222052, 2806343.93914834, 2806344.63096609, 2806346.11958246, 2804891.0941419, 2804983.41474685, 2804971.32232425, 2804757.70340595, 2804351.2933683, 2804469.65994599, 2804477.33872226, 2804487.16386628, 2804590.77598832, 2805344.61519831, 2806339.52283136, 1039839.81694476, 1039126.32287516, 1037787.17081454, 1036560.30781807, 1035240.48085693, 1035232.05248243, 1036554.13615783, 1037274.47627768, 1037791.4788728, 1038937.59914216, 1039115.43417021, 1039156.33431566, 
1039523.5673979, 1039883.21205179, 1039832.75756962, 1039839.81694476)))
"82","27","053","27053109000",list(list(c(2831540.27314115, 2831535.1249577, 2831533.75250277, 2831536.30078657, 2831542.76803662, 2831554.95655115, 2831569.81936894, 2831588.59633417, 2831605.87409564, 2831607.23183874, 2831052.37284628, 2829193.54602161, 2828529.68285786, 2827868.12146734, 2827857.33162404, 2827846.76896608, 2829170.23756819, 2829209.59015677, 2831200.41670287, 2831540.27314115, 1036864.75571527, 1036541.57038632, 1036209.28049609, 1035876.99632255, 1035544.76691468, 1035165.1985591, 1034833.2384825, 1034501.47611669, 
1034249.04792016, 1034231.64415149, 1034243.00004236, 1034204.17576196, 1034187.92757063, 1034174.63909858, 1035487.45864404, 1036803.56323245, 1036830.89367986, 1036831.63855551, 1036879.7754289, 1036864.75571527)))
"83","27","053","27053109100",list(list(c(2804477.33872226, 2804469.65994599, 2804351.2933683, 2804757.70340595, 2804971.32232425, 2804983.41474685, 2804891.0941419, 2804586.76877745, 2803993.1222031, 2803274.93069451, 2803523.36358924, 2803678.60285151, 2803889.38647716, 2803023.30008628, 2802824.95366404, 2802959.44716697, 2802276.91160061, 2802071.01888274, 2801079.39922112, 2801082.33564153, 2801081.03529653, 2801072.27701961, 2800080.37484673, 2799750.80942615, 2798425.65671845, 2798425.65782965, 2798417.38399257, 2798413.31799286, 
2798413.0012774, 2798409.5119541, 2798420.04453425, 2798441.49494729, 2798428.00114549, 2798428.25811835, 2798428.1860833, 2799185.27329842, 2799768.33589491, 2801155.61848151, 2802815.8604983, 2803225.29646554, 2804065.15408989, 2804477.33872226, 1039156.33431566, 1039115.43417021, 1038937.59914216, 1037791.4788728, 1037274.47627768, 1036554.13615783, 1035232.05248243, 1034567.35704654, 1034089.07408846, 1033727.52131172, 1033013.91813518, 1032909.49768923, 1032515.69533007, 1029811.83842362, 1029619.12108645, 
1029858.33327102, 1029951.40154426, 1030009.46876129, 1029956.70246042, 1031251.76562167, 1031905.108175, 1033888.43160796, 1033891.49115426, 1033846.83425727, 1033845.75523908, 1033852.11220787, 1035222.55677388, 1035946.09074192, 1035948.46571884, 1036526.38928533, 1037965.78258172, 1038128.06359042, 1039053.37121268, 1039088.50054348, 1039103.25565372, 1039114.58365256, 1039084.03404443, 1039080.24490638, 1039868.56030698, 1039916.85653497, 1039491.9116986, 1039156.33431566)))
"84","27","053","27053109700",list(list(c(2820882.16913005, 2820892.32143549, 2819576.56729319, 2817612.56909046, 2817603.74247649, 2817584.75523407, 2817909.71463847, 2818896.50343488, 2819553.41298223, 2819562.35391848, 2820882.16913005, 1035380.08424378, 1034061.42578871, 1034049.2696081, 1034039.66224831, 1034695.49327826, 1036011.51945198, 1036014.48382562, 1036023.51617894, 1036029.55456477, 1035367.89054317, 1035380.08424378)))
"85","27","053","27053110200",list(list(c(2824454.62984015, 2825102.42595037, 2825749.36792365, 2824860.64076437, 2823542.92572122, 2823552.17768911, 2823216.77144419, 2822234.85732695, 2820926.62899654, 2820906.57646312, 2820892.32143549, 2823522.10379869, 2824454.62984015, 1034082.35190056, 1032787.22311356, 1031481.16876914, 1031460.34967192, 1031446.47153849, 1030792.47008449, 1030790.05105254, 1030787.42780687, 1030779.63500053, 1032747.18200786, 1034061.42578871, 1034076.48774775, 1034082.35190056)))
"86","27","053","27053110400",list(list(c(2826074.95590049, 2825749.36792365, 2825102.42595037, 2824454.62984015, 2825898.59844822, 2826878.2852814, 2827868.12146734, 2828529.68285786, 2828546.56812388, 2828557.24172893, 2828563.58631845, 2827273.43903747, 2826074.95590049, 1030826.52871828, 1031481.16876914, 1032787.22311356, 1034082.35190056, 1034119.72874009, 1034149.84701848, 1034174.63909858, 1034187.92757063, 1032864.95934521, 1031541.56816887, 1030882.79962535, 1030853.27743248, 1030826.52871828)))
"87","27","053","27053111100",list(list(c(2820926.62899654, 2822234.85732695, 2823216.77144419, 2823552.17768911, 2823542.92572122, 2824860.64076437, 2825749.36792365, 2826074.95590049, 2826720.71024179, 2827081.07290369, 2828010.66739, 2827305.13641768, 2825981.86068112, 2823556.19555965, 2823231.68026893, 2819656.88593402, 2819644.59184343, 2819620.82049389, 2819612.67904846, 2819612.6286938, 2819606.60963125, 2819932.70889812, 2819940.58126279, 2820926.62899654, 1030779.63500053, 1030787.42780687, 1030790.05105254, 1030792.47008449, 
1031446.47153849, 1031460.34967192, 1031481.16876914, 1030826.52871828, 1029521.58758445, 1028866.56620721, 1027637.30015064, 1027676.47567268, 1027650.36306193, 1027634.73172784, 1027625.8524896, 1027464.6577486, 1028799.69591903, 1030115.30625168, 1030774.42252881, 1030779.89102057, 1031433.55824899, 1031432.91755724, 1030775.98605113, 1030779.63500053)))
"88","27","053","27053111400",list(list(c(2809030.77775463, 2809052.14749491, 2809058.17274487, 2809065.23730725, 2809076.79151683, 2806103.41757244, 2805119.03934618, 2805111.72811074, 2806428.18186246, 2806407.792489, 2806405.56656699, 2806532.25356172, 2806527.44431858, 2806412.11063854, 2809030.77775463, 1027327.5422708, 1026003.88689204, 1024538.27245994, 1023369.81225422, 1022042.79438539, 1022036.80223556, 1022033.86131161, 1023348.15464042, 1023355.40150504, 1025519.81586014, 1025990.48698286, 1025990.48085652, 1027002.91641291, 
1027310.73724489, 1027327.5422708)))
"89","27","053","27053125600",list(list(c(2829700.93452778, 2829716.34676091, 2829720.62801399, 2829723.73474879, 2829727.20153504, 2829730.76229636, 2829739.34137644, 2829760.62278466, 2829167.50852856, 2828455.34413218, 2827886.62456981, 2827292.31104773, 2825813.10626045, 2826251.49830301, 2827569.04663504, 2827877.48201329, 2827505.92844947, 2826906.97316279, 2827371.42991491, 2827241.15126879, 2825581.60211874, 2824800.06913364, 2824536.26307524, 2823349.35597963, 2824352.22680662, 2825882.86259022, 2824905.69136037, 2828726.64731968, 
2828988.57478989, 2829700.93452778, 1049534.76906597, 1046502.87116636, 1045850.5583715, 1045262.21910104, 1044606.09435976, 1044310.45471337, 1043008.73877463, 1041106.81557115, 1041641.41523595, 1042148.63323669, 1042602.5620072, 1043271.74074294, 1044936.9843672, 1045299.9257896, 1045241.42321477, 1045225.4241677, 1046236.18405944, 1046455.04525157, 1047225.8865704, 1047857.22569697, 1048762.38699874, 1049195.78402526, 1050273.97525525, 1050895.01606068, 1050991.23615988, 1050719.16331168, 1051460.97456434, 
1049904.17150889, 1049686.11431248, 1049534.76906597)))
"90","27","053","27053126100",list(list(c(2816141.88469374, 2816886.03040599, 2817769.65212813, 2819290.50870769, 2819932.14001402, 2819678.14390332, 2818412.69230676, 2818107.90821094, 2818041.84860234, 2817966.36927014, 2817897.52768692, 2817106.08749775, 2816043.52230175, 2816249.47117003, 2815534.82973642, 2815181.0210977, 2814767.3085401, 2812320.39687343, 2811828.90431494, 2811320.40760361, 2811846.57000998, 2812895.36838397, 2813793.38720794, 2814372.23796055, 2814748.15852154, 2815117.67644426, 2816141.88469374, 1051855.9914615, 
1051433.96812324, 1050986.99236461, 1050361.41808659, 1050376.4468327, 1049520.93234455, 1047936.04381215, 1047416.61335957, 1047281.83586897, 1047129.83624455, 1047186.08521611, 1047667.43732838, 1048284.54846825, 1048633.87846016, 1049046.34585659, 1049251.70869822, 1048550.13839156, 1049975.7587825, 1050305.01486147, 1050979.41041843, 1051291.41998793, 1052364.63824291, 1051508.90556651, 1052114.95509404, 1052466.16163902, 1052693.7169177, 1051855.9914615)))
"91","27","053","27053980000",list(list(c(2829979.91570047, 2829978.98770924, 2829979.78551721, 2829975.97032678, 2829971.29353486, 2832341.06125223, 2832561.22540238, 2832160.56398814, 2831292.43769252, 2829972.07951343, 2829975.07879298, 2829979.91570047, 1020336.99773661, 1020336.98672412, 1020366.19224402, 1021695.47132686, 1023674.81893995, 1023704.12263106, 1023706.63273972, 1023701.19169877, 1023689.39989103, 1023674.70899592, 1022364.56950977, 1020336.99773661)), list(c(2833392.22145754, 2833408.73182436, 2832617.11548426, 
2833392.22145754, 1023716.12761668, 1023701.71582024, 1023707.27031122, 1023716.12761668)))
"92","27","003","27003051206",list(list(c(2812855.30492001, 2809909.57019139, 2809917.207732, 2812855.22386912, 2812855.30492001, 1070954.44108978, 1070878.09613193, 1070913.51603882, 1070959.6074471, 1070954.44108978)), list(c(2810391.73350174, 2810123.58681476, 2810555.38091282, 2810170.83243, 2810356.43079683, 2810405.06851804, 2810441.06273195, 2810470.6117047, 2810505.52528348, 2810520.3310061, 2810539.03042025, 2810579.48384812, 2810589.95432436, 2810598.55089305, 2810602.80651957, 2810604.18400317, 2810602.15192582, 2810594.0698052, 
2810587.9943829, 2810582.5556252, 2810572.04261256, 2810556.42931227, 2810532.78948239, 2810502.7530251, 2810470.7179527, 2810433.69583091, 2810391.73350174, 1072714.85842722, 1071870.66922263, 1073873.5622534, 1076629.46025445, 1076634.16433182, 1076274.67102108, 1075953.03591632, 1075630.74532217, 1075144.02475958, 1074996.16230871, 1074848.74086097, 1074590.11370967, 1074504.64423112, 1074404.55711524, 1074318.55393453, 1074232.45851882, 1074132.02173669, 1074017.23725029, 1073946.02705998, 1073792.71804055, 
1073641.73004224, 1073491.18445211, 1073322.5624345, 1073154.95995007, 1073007.0363511, 1072860.27887515, 1072714.85842722)))
"93","27","003","27003051501",list(list(c(2819225.19238643, 2818589.28728934, 2818589.26537593, 2819225.88040499, 2819225.19238643, 1071030.36113819, 1071023.0572673, 1071024.60531604, 1071031.20908393, 1071030.36113819)))
"94","27","053","27053007700",list(list(c(2808973.68128543, 2811606.48914646, 2811932.42518478, 2811934.15653235, 2811606.39776643, 2810294.82528151, 2808979.11323511, 2808317.64042998, 2807001.94330405, 2806342.28222052, 2806339.52283136, 2806337.00065141, 2807654.42890156, 2808973.68128543, 1040456.52549162, 1040476.70320395, 1040478.49124519, 1039171.05576345, 1039168.15797604, 1039158.80046755, 1039149.12359751, 1039143.3729572, 1039131.99615825, 1039126.32287516, 1039839.81694476, 1040435.18372056, 1040446.53484707, 1040456.52549162
)))
"95","27","053","27053008200",list(list(c(2811606.39776643, 2811619.81973861, 2811636.7341781, 2811168.62120999, 2809977.31232595, 2808981.7690022, 2808978.98177712, 2808979.11323511, 2810294.82528151, 2811606.39776643, 1039168.15797604, 1037853.9000187, 1036613.32310206, 1036606.64085996, 1036595.81230851, 1036584.56713124, 1037826.36161769, 1039149.12359751, 1039158.80046755, 1039168.15797604)))
"96","27","053","27053008500",list(list(c(2818896.50343488, 2817909.71463847, 2817584.75523407, 2816274.0420201, 2815622.28387297, 2815611.14884308, 2815560.71602819, 2815894.42546243, 2817205.97222983, 2818193.63045451, 2818857.15826144, 2818860.09312106, 2818867.1837002, 2818877.42817393, 2818896.50343488, 1036023.51617894, 1036014.48382562, 1036011.51945198, 1035999.6133966, 1035996.64005789, 1036656.8268062, 1039204.91621552, 1039208.29362017, 1039220.55015205, 1039231.38200683, 1039238.91861713, 1038580.47897515, 1037920.61944015, 
1037255.68483238, 1036023.51617894)))
"97","27","053","27053010600",list(list(c(2802824.95366404, 2802348.82859143, 2802405.81710729, 2803226.71437002, 2803733.93694451, 2805179.94494214, 2805981.93141186, 2806412.11063854, 2806527.44431858, 2806532.25356172, 2806405.56656699, 2805081.49876096, 2803755.08393509, 2802440.783583, 2801124.38752646, 2801103.68325617, 2801079.39922112, 2802071.01888274, 2802276.91160061, 2802959.44716697, 2802824.95366404, 1029619.12108645, 1028449.87779022, 1028017.94798457, 1027253.01004645, 1027101.24736576, 1027169.30797947, 1027690.60215896, 
1027310.73724489, 1027002.91641291, 1025990.48085652, 1025990.48698286, 1025983.90444686, 1025979.20781887, 1025981.98783352, 1025987.74869213, 1027974.97330555, 1029956.70246042, 1030009.46876129, 1029951.40154426, 1029858.33327102, 1029619.12108645)))
"98","27","053","27053011000",list(list(c(2817636.50838949, 2819606.60963125, 2819612.6286938, 2819612.67904846, 2819620.82049389, 2819644.59184343, 2819656.88593402, 2819647.03583779, 2818659.07463224, 2818670.60732426, 2815674.54205685, 2815670.70297424, 2815672.56097715, 2815672.55159998, 2815672.57473966, 2817636.50838949, 1031413.3213656, 1031433.55824899, 1030779.89102057, 1030774.42252881, 1030115.30625168, 1028799.69591903, 1027464.6577486, 1027465.29623544, 1027257.88167883, 1027469.45292765, 1027447.68324192, 1028763.47415132, 
1030079.31790082, 1030740.69552042, 1031398.42783481, 1031413.3213656)))
"99","27","053","27053011704",list(list(c(2819644.51939574, 2819745.65169728, 2819746.68005585, 2819745.0193679, 2819754.88487007, 2819742.80353997, 2819626.45418996, 2819632.25431263, 2819463.84093657, 2819465.1554793, 2818974.26146179, 2818578.97369669, 2818316.28374302, 2817807.34225925, 2817804.72942758, 2817618.47639915, 2817616.66360057, 2817798.28438404, 2817795.79675347, 2817809.79370475, 2817807.78761977, 2817998.56740582, 2817998.16711272, 2817996.46727957, 2817992.976629, 2818324.85279909, 2818312.64045428, 2818441.12494343, 
2818810.14700797, 2818806.27122733, 2818331.49692214, 2818282.93567799, 2817176.89181902, 2817174.39492365, 2816006.08353012, 2816006.48073437, 2815887.57247507, 2815766.06936846, 2815668.15883465, 2815630.01738834, 2815599.8734975, 2815566.97984646, 2815562.42906415, 2815690.96339843, 2815690.75658233, 2815698.83358426, 2815710.32557429, 2817015.02581005, 2817995.46982331, 2818146.88457033, 2819181.08954368, 2819644.51939574, 1021941.65594573, 1021483.56295959, 1020752.92579605, 1020511.18468951, 
1020210.06418543, 1020209.9544868, 1020208.8967028, 1020732.35583589, 1020730.22431203, 1020831.60801302, 1020825.40876642, 1020820.41478606, 1020817.09576769, 1020810.66459692, 1020567.78141546, 1020562.76655258, 1019965.86829434, 1019968.62413196, 1019737.4724687, 1019737.74748046, 1019556.63615317, 1019559.03807536, 1019500.68867481, 1019253.27637247, 1018899.7917, 1018903.39902136, 1018243.59226024, 1018244.69756231, 1018247.49720899, 1018217.5710681, 1018213.29447515, 1018214.32113919, 1018203.51168581, 
1018202.91629657, 1018192.5017099, 1018260.35732958, 1018312.14956854, 1018393.08647935, 1018501.94584211, 1018564.31191918, 1018630.76067026, 1018772.29079732, 1018845.89753161, 1018847.05624172, 1019502.22786449, 1020819.21141608, 1022820.20538228, 1022842.22316892, 1022847.13976201, 1022922.17053919, 1021925.72775286, 1021941.65594573)))
"100","27","053","27053012101",list(list(c(2826019.18676441, 2826018.26167372, 2825985.37777284, 2824898.97438314, 2824899.12972265, 2823750.81640113, 2823754.05765989, 2823607.764289, 2823608.77973882, 2822888.77345885, 2822887.54982226, 2823551.9082176, 2823545.95162023, 2823532.90137892, 2822256.24132224, 2822255.74851668, 2822084.42138673, 2821772.73980875, 2821432.58887849, 2821244.50403728, 2821243.96089711, 2821109.65370906, 2821109.70112707, 2820974.61235771, 2820974.59277135, 2820947.77841812, 2820947.634734, 2820914.14158224, 
2820916.80843729, 2820788.26139322, 2820788.18522913, 2820645.74259881, 2820645.10190918, 2820450.89814259, 2820450.60764713, 2820322.67358601, 2820323.04275137, 2820295.16106861, 2820295.09705278, 2820292.35519912, 2819754.88487007, 2819745.0193679, 2819746.68005585, 2819745.65169728, 2823573.93392611, 2823573.70321649, 2823567.202997, 2826012.05346007, 2826010.85068448, 2826017.52362115, 2826018.01096794, 2826019.04025012, 2826019.18676441, 1020590.06535875, 1020590.05910812, 1020589.8382393, 1020582.50964591, 
1020540.51747435, 1020518.63314784, 1020005.42508095, 1020002.85900068, 1019857.1609289, 1019842.63968743, 1020248.00593575, 1020259.36361539, 1020535.21452333, 1020560.07202734, 1020535.64897477, 1020565.35955362, 1020567.8765174, 1020570.66665024, 1020573.74517982, 1020575.82706536, 1020664.29392999, 1020662.51601616, 1020621.8341536, 1020619.85176358, 1020578.76054715, 1020579.05256116, 1020559.72011311, 1020559.11984653, 1020761.5417485, 1020757.86619614, 1020657.5725895, 1020653.9363281, 1020524.29845958, 
1020520.82057828, 1020598.06909514, 1020594.89903246, 1020548.53494173, 1020548.03532205, 1020458.41910997, 1020214.95139608, 1020210.06418543, 1020511.18468951, 1020752.92579605, 1021483.56295959, 1021608.13006047, 1022267.31561065, 1023594.0167615, 1023629.88017008, 1022311.8553696, 1020982.96901167, 1020740.88253424, 1020632.60760575, 1020590.06535875)))
"101","27","053","27053012102",list(list(c(2829978.98770924, 2829159.79690807, 2829163.85132676, 2827823.63350032, 2827548.52077057, 2827553.68337513, 2827007.24860683, 2827008.57653765, 2826712.51866898, 2826135.67980903, 2826134.65363854, 2826456.94843887, 2826539.32088682, 2826853.08173366, 2826948.06465175, 2827006.13620518, 2827004.81123956, 2826974.77374109, 2826678.77871914, 2826648.01685213, 2826648.03215813, 2826069.37480705, 2826056.57925618, 2826052.89955642, 2826052.89768991, 2826019.18676441, 2826019.04025012, 2826018.01096794, 
2826017.52362115, 2826010.85068448, 2826012.05346007, 2827332.57615169, 2828651.02156237, 2829643.29829562, 2829971.29353486, 2829975.97032678, 2829979.78551721, 2829978.98770924, 1020336.98672412, 1020327.28122444, 1019304.86825171, 1019289.11273834, 1019423.18974925, 1020215.05690781, 1020210.83088761, 1019840.37374869, 1019838.08341423, 1020228.16765064, 1020514.37363882, 1020516.86525168, 1020582.46807743, 1020584.89447236, 1020520.66291438, 1020521.11165062, 1020890.61618102, 1020874.45617435, 
1020679.09981712, 1020658.79679305, 1020618.45765719, 1020611.80541151, 1020604.56567696, 1020597.86741748, 1020590.29316387, 1020590.06535875, 1020632.60760575, 1020740.88253424, 1020982.96901167, 1022311.8553696, 1023629.88017008, 1023645.02799788, 1023660.60276307, 1023671.27723996, 1023674.81893995, 1021695.47132686, 1020366.19224402, 1020336.98672412)))
"102","27","053","27053020102",list(list(c(2824614.87198578, 2824612.3973622, 2824612.39173742, 2824613.20386627, 2824614.87198578, 1062936.16388338, 1062935.63877816, 1062936.11524839, 1062936.13203374, 1062936.16388338)), list(c(2824566.92218048, 2824578.0812852, 2824565.04330891, 2824566.92218048, 1066903.26007786, 1065851.27650761, 1066903.22808192, 1066903.26007786)))
"103","27","053","27053020400",list(list(c(2799596.89788405, 2800082.98859499, 2799759.32041748, 2799626.77246321, 2799613.78792706, 2799596.89788405, 1073528.838395, 1073380.12908275, 1073445.53047703, 1072845.38183352, 1072730.88102557, 1073528.838395)), list(c(2801909.05240414, 2801909.11984596, 2801687.0961602, 2801837.89153489, 2801909.05240414, 1076597.52678109, 1076597.26783229, 1076596.05520036, 1076597.05773107, 1076597.52678109)), list(c(2800561.84162267, 2800574.65357256, 2800574.46708126, 2800535.32301078, 2800537.07845716, 
2800561.84162267, 1075257.73683294, 1073927.65503949, 1073934.20904024, 1076588.43339356, 1076588.44496235, 1075257.73683294)))
"104","27","053","27053021800",list(list(c(2798403.95391973, 2798414.28230413, 2798397.60112953, 2798377.20313066, 2798392.20558594, 2798403.95391973, 1046955.39170756, 1045666.25530043, 1045666.34514082, 1049551.48525561, 1049551.65023121, 1046955.39170756)), list(c(2801009.14746857, 2801012.67913547, 2800857.8532344, 2801011.64198, 2801009.14746857, 1050511.70152115, 1049579.49016991, 1049578.90851055, 1049580.61820294, 1050511.70152115)), list(c(2801006.99350288, 2801007.67565975, 2801000.99636137, 2800994.37168891, 2800998.13573354, 
2801006.99350288, 1052092.63457805, 1050964.31237165, 1052067.69491924, 1053161.95012791, 1053155.00850393, 1052092.63457805)))
"105","27","053","27053022802",list(list(c(2798441.49494729, 2798421.2203253, 2798428.00114549, 2798441.49494729, 1038128.06359042, 1038126.49322071, 1039053.37121268, 1038128.06359042)), list(c(2798434.679014, 2798424.44825188, 2798421.81688335, 2798421.81365416, 2798434.679014, 1040408.55898449, 1039868.86530558, 1040407.81837389, 1040408.47950396, 1040408.55898449)))
"106","27","053","27053023100",list(list(c(2798427.5846073, 2798430.64758189, 2798438.44816616, 2798439.028365, 2798434.63421572, 2798430.4737887, 2798425.43193688, 2798425.43200544, 2798427.5846073, 1032567.50618421, 1031247.70012085, 1029950.17461695, 1029841.58090646, 1030566.76355467, 1031253.31000041, 1032567.11286208, 1032567.50080341, 1032567.50618421)))
"107","27","053","27053000300",list(list(c(2803445.7081499, 2803461.09957577, 2803505.49537524, 2802187.61243537, 2800870.01807504, 2800835.21719484, 2800825.83162663, 2800818.44563238, 2800802.46947309, 2800785.92637231, 2800766.45603199, 2802091.8272472, 2803411.25231902, 2803445.7081499, 1069347.2186901, 1068689.23337238, 1066711.98334061, 1066703.42514845, 1066691.30548412, 1068012.34755129, 1068369.0465014, 1068673.67564767, 1069332.60994419, 1070014.88428532, 1070833.83032424, 1070843.45874172, 1070853.11999444, 1069347.2186901
)))
"108","27","053","27053001700",list(list(c(2816001.08079463, 2815270.81805218, 2814081.63043923, 2813770.53879574, 2812328.74548809, 2812188.35259819, 2815241.05845691, 2815949.36078041, 2816048.56525979, 2816001.08079463, 1059951.85252932, 1059959.11126047, 1059858.00144752, 1060225.29114372, 1060171.97280407, 1062789.68979842, 1062829.75164587, 1062837.60750137, 1060363.92231446, 1059951.85252932)))
"109","27","053","27053002200",list(list(c(2809224.67398015, 2809231.44319509, 2809245.99016602, 2808845.57372133, 2807267.17158411, 2807257.56167167, 2807218.33069849, 2809224.67398015, 1060135.16793223, 1058915.2600074, 1057663.70077177, 1057660.20910064, 1057648.34216044, 1058910.88250197, 1060129.05134412, 1060135.16793223)))
"110","27","053","27053005902",list(list(c(2816282.27445496, 2816289.45418678, 2816313.22485765, 2815554.83627668, 2815548.91596536, 2814228.89730133, 2813632.49785481, 2813636.28854192, 2813624.77154454, 2813787.54369974, 2814001.23712323, 2816282.27445496, 1045583.5537421, 1044447.88677176, 1043138.09219975, 1043128.31981977, 1043784.5470469, 1043767.21035849, 1043766.25061893, 1044414.17914545, 1045587.72546284, 1045533.76058336, 1045458.74115541, 1045583.5537421)))
"111","27","053","27053023802",list(list(c(2801186.99916135, 2801197.89405123, 2801197.12487259, 2801184.29045455, 2801186.99916135, 1019407.02306272, 1018099.63822677, 1018099.63967121, 1019685.83497616, 1019407.02306272)), list(c(2801165.06137325, 2801167.64429855, 2801152.88920896, 2799596.64052182, 2800497.74571379, 2801156.13629273, 2801159.5685642, 2801165.06137325, 1022039.55370971, 1021668.38674921, 1023358.69963096, 1023361.19475616, 1023360.02344647, 1023359.30180949, 1022698.68981214, 1022039.55370971)))
"112","27","053","27053024700",list(list(c(2817175.85946457, 2817174.39492365, 2817176.89181902, 2817175.85946457, 1018202.92939225, 1018202.91629657, 1018203.51168581, 1018202.92939225)))
"113","27","053","27053024901",list(list(c(2818331.49692214, 2817175.85946457, 2817176.89181902, 2818282.93567799, 2818331.49692214, 1018213.29447515, 1018202.92939225, 1018203.51168581, 1018214.32113919, 1018213.29447515)))
"114","27","053","27053100500",list(list(c(2815221.03237256, 2815241.05845691, 2812188.35259819, 2812135.55087164, 2811730.31150946, 2811311.57081134, 2811183.02655129, 2810435.12211574, 2810243.33772746, 2810107.67864828, 2809970.23068343, 2809909.57019139, 2812855.30492001, 2815985.9135711, 2815992.49183045, 2815441.15880152, 2815374.82683236, 2814927.55379813, 2815317.13662242, 2815221.03237256, 1064161.84445505, 1062829.75164587, 1062789.68979842, 1063377.69590809, 1064457.35160556, 1066689.78424272, 1067103.57262713, 1068675.73633155, 
1069198.72211847, 1069808.61439668, 1070181.13211658, 1070878.09613193, 1070954.44108978, 1070997.5027863, 1069185.81941166, 1068768.46262905, 1068096.61967213, 1068092.58826697, 1065692.23875012, 1064161.84445505)))
"115","27","053","27053101200",list(list(c(2824586.93649005, 2824610.89266285, 2824612.39173742, 2824612.3973622, 2824614.87198578, 2826272.34239862, 2826468.11349691, 2826243.34606889, 2824689.44609039, 2824617.82819054, 2821965.64159247, 2821957.24189708, 2821947.04509419, 2821940.66217239, 2821932.20992819, 2821918.13367914, 2822918.379394, 2823875.68328595, 2824586.93649005, 1065016.51111234, 1062936.08426512, 1062936.11524839, 1062935.63877816, 1062936.16388338, 1062967.87529006, 1062971.61248673, 1062523.07816355, 1060204.36246985, 
1060283.16937971, 1060273.56553998, 1061589.35387951, 1062903.66858824, 1064224.94801795, 1065546.20973077, 1066832.78270086, 1066219.02475284, 1065119.25025833, 1065016.51111234)))
"116","27","053","27053102100",list(list(c(2807218.33069849, 2807257.56167167, 2807267.17158411, 2806471.50198822, 2806006.67671425, 2806007.40893676, 2804999.77892604, 2804448.59550875, 2804218.11699198, 2803601.25707632, 2803597.31378031, 2803594.58309314, 2805559.83573383, 2805887.80902715, 2807218.33069849, 1060129.05134412, 1058910.88250197, 1057648.34216044, 1057642.57956008, 1057759.27171262, 1057764.38244223, 1057800.97539581, 1058096.7148398, 1058735.72934431, 1059338.29408676, 1059804.22437534, 1060126.87574641, 1060128.28618773, 
1060128.54271707, 1060129.05134412)))
"117","27","053","27053102500",list(list(c(2819329.55137507, 2819337.91405364, 2819341.8690088, 2816725.1948431, 2816024.47626329, 2816001.08079463, 2816697.62184882, 2816842.0326582, 2817630.55546482, 2819330.96250499, 2819329.55137507, 1060229.80500478, 1058900.16336167, 1057599.6511703, 1057574.62751047, 1057566.81589687, 1059951.85252932, 1059955.25087204, 1060771.82213348, 1060783.01530384, 1060947.36357419, 1060229.80500478)))
"118","27","053","27053103100",list(list(c(2819308.91925497, 2819255.30026235, 2818640.00130534, 2817419.43244475, 2816642.33026913, 2816726.37374692, 2816725.1948431, 2819341.8690088, 2819337.3052632, 2819308.91925497, 1056710.80457542, 1056549.52019454, 1055376.40211796, 1054774.21753933, 1056358.64692368, 1057444.8388129, 1057574.62751047, 1057599.6511703, 1056943.31943551, 1056710.80457542)))
"119","27","053","27053103700",list(list(c(2820384.608683, 2820514.6952814, 2820116.62039661, 2819520.64991393, 2818773.79508855, 2817769.65212813, 2816886.03040599, 2816141.88469374, 2816917.36244176, 2817648.72824724, 2818067.88875625, 2818262.72146382, 2818457.56402549, 2818640.00130534, 2819255.30026235, 2819308.91925497, 2819285.61473181, 2819240.31214877, 2819687.94344573, 2820384.608683, 1054976.46296487, 1054367.31902138, 1053655.574322, 1052570.84676155, 1051256.51059544, 1050986.99236461, 1051433.96812324, 1051855.9914615, 
1052285.6015056, 1053604.47111948, 1054311.25694377, 1054677.64397591, 1055042.21005143, 1055376.40211796, 1056549.52019454, 1056710.80457542, 1054970.33078124, 1054748.23430801, 1054968.56825573, 1054976.46296487)))
"120","27","053","27053104000",list(list(c(2829661.70965852, 2829676.15278274, 2829681.41984059, 2829684.88902138, 2829683.86067064, 2829691.94335438, 2829692.73258684, 2829700.93452778, 2828988.57478989, 2828726.64731968, 2824905.69136037, 2823675.35813756, 2822685.51481525, 2822146.34501399, 2821997.2907919, 2821304.89344984, 2820749.89278109, 2822159.02656253, 2821659.40894243, 2821735.84766235, 2822067.37704284, 2822597.0458832, 2823360.79558688, 2824601.89193638, 2825510.52003181, 2826405.47207238, 2826978.44810724, 2829558.08674742, 
2829606.23138889, 2829606.36286559, 2829661.70965852, 1056229.98373621, 1055134.13920373, 1053816.86829667, 1052951.60428862, 1052662.63508758, 1051191.83874052, 1050994.93167287, 1049534.76906597, 1049686.11431248, 1049904.17150889, 1051460.97456434, 1052413.01155183, 1053170.84840926, 1053580.72692547, 1053693.82145295, 1054307.56459433, 1054979.84689257, 1054993.32459031, 1056106.90865067, 1057620.73429684, 1058463.87924227, 1058972.71705275, 1059067.3863373, 1058631.34918284, 1058452.18842369, 
1058569.3615091, 1058812.56015466, 1060399.82733875, 1060401.0232609, 1060391.18878748, 1056229.98373621)))
"121","27","053","27053105100",list(list(c(2808891.54003312, 2808893.00062043, 2807264.900413, 2806340.79352673, 2805471.12290185, 2804755.83989609, 2804482.27766625, 2801574.20970859, 2799619.25553933, 2799552.34908629, 2799430.27742959, 2798876.79304191, 2798425.60118302, 2798417.31768684, 2798414.28230413, 2798403.95391973, 2798392.20558594, 2800857.8532344, 2801012.67913547, 2801009.14746857, 2801008.14042359, 2801008.13759559, 2802083.6369377, 2802479.37189264, 2803646.05178002, 2805547.12835122, 2806966.0807136, 2806965.65653488, 
2808422.23641451, 2808891.54003312, 1049828.21512585, 1049719.94123843, 1048501.54695455, 1047560.21299956, 1046962.83917922, 1046800.6892209, 1046830.08238051, 1045714.68315648, 1045464.71837285, 1045417.49656857, 1043713.44894192, 1043059.53560418, 1043058.74231927, 1045139.07083322, 1045666.25530043, 1046955.39170756, 1049551.65023121, 1049578.90851055, 1049579.49016991, 1050511.70152115, 1050887.53436692, 1050888.0015467, 1050892.98658713, 1050144.86775317, 1049825.83787489, 1049212.70844206, 
1049601.88721594, 1049651.10470136, 1049605.00752266, 1049828.21512585)))
"122","27","053","27053105201",list(list(c(2811567.55064182, 2811177.59258915, 2810527.98587185, 2810534.90446233, 2809692.57667845, 2809408.80017001, 2808913.63960838, 2808913.78434409, 2808904.85380052, 2809740.02049974, 2810359.06657191, 2810667.66504093, 2810703.64736042, 2810887.36233357, 2811290.27418502, 2811567.55064182, 1048019.20418459, 1047014.20345403, 1047011.40298845, 1046223.92646689, 1046354.36167746, 1046514.49343752, 1046637.05608436, 1047006.76218183, 1048834.42812134, 1048919.01419997, 1049035.64289579, 1049316.54512184, 
1049197.63687395, 1048789.07684513, 1048118.11530012, 1048019.20418459)))
"123","27","053","27053100200",list(list(c(2800082.98859499, 2800594.68728587, 2800593.20199003, 2803886.98585491, 2805859.63106427, 2807807.406949, 2808707.63703586, 2808711.2427123, 2808054.5603786, 2806075.89180221, 2805420.22356514, 2805409.5574224, 2804088.98969682, 2804104.46436902, 2803445.7081499, 2803411.25231902, 2802091.8272472, 2800766.45603199, 2800650.80464514, 2800630.9022342, 2800616.71288366, 2799631.28828509, 2799615.63742307, 2799613.78792706, 2799626.77246321, 2799759.32041748, 2800082.98859499, 1073380.12908275, 
1073223.59993524, 1073275.80876127, 1072279.84944116, 1071679.39162117, 1070889.30549973, 1069904.29887025, 1069460.60242074, 1069458.90417342, 1069464.43146884, 1069344.32639231, 1070107.72319303, 1070105.22000833, 1069348.42669919, 1069347.2186901, 1070853.11999444, 1070843.45874172, 1070833.83032424, 1071372.48556676, 1071961.89005214, 1072641.4005614, 1072643.4265794, 1072643.50523114, 1072730.88102557, 1072845.38183352, 1073445.53047703, 1073380.12908275)))
"124","27","053","27053102300",list(list(c(2812093.87883079, 2812014.68004659, 2812575.69820049, 2811872.18593817, 2810565.10435815, 2808866.59918037, 2808845.57372133, 2809245.99016602, 2809231.44319509, 2809224.67398015, 2809623.22034084, 2812328.74548809, 2812336.81019755, 2812093.87883079, 1057634.06275322, 1056733.51757411, 1055405.50359213, 1055091.5383846, 1055066.15266015, 1055038.52842199, 1057660.20910064, 1057663.70077177, 1058915.2600074, 1060135.16793223, 1060140.10925122, 1060171.97280407, 1059613.10463232, 1057634.06275322
)))
"125","27","053","27053104400",list(list(c(2814767.3085401, 2814135.27914294, 2813790.64317299, 2813636.64395755, 2813615.93955375, 2813613.89987194, 2813615.72765607, 2813624.20924674, 2813467.19171341, 2811942.90732973, 2811567.55064182, 2811290.27418502, 2810887.36233357, 2810703.64736042, 2810667.66504093, 2810579.76560264, 2811320.40760361, 2811828.90431494, 2812320.39687343, 2814767.3085401, 1048550.13839156, 1047485.66487145, 1047097.92656851, 1046373.91097444, 1046373.72604347, 1046457.20145569, 1046513.3663383, 1046635.94804789, 
1047061.1294623, 1047804.49238148, 1048019.20418459, 1048118.11530012, 1048789.07684513, 1049197.63687395, 1049316.54512184, 1050307.4888289, 1050979.41041843, 1050305.01486147, 1049975.7587825, 1048550.13839156)))
"126","27","053","27053104800",list(list(c(2820289.56305766, 2820727.45085816, 2821163.29083962, 2821431.56128758, 2821535.34990568, 2820984.71315605, 2820451.00320657, 2819862.87995656, 2819855.35327802, 2819890.300172, 2821027.53752858, 2821729.20151335, 2822277.02486288, 2824522.089036, 2825061.94566668, 2824035.62183174, 2823143.24457748, 2820679.30217488, 2819492.39082905, 2818902.5051806, 2818576.70008239, 2818194.61962645, 2817765.50666062, 2817966.36927014, 2818041.84860234, 2818107.90821094, 2818412.69230676, 2819678.14390332, 
2819932.14001402, 2820289.56305766, 1050370.99902527, 1050143.89492935, 1049831.8282709, 1049507.63762329, 1048338.22762951, 1048188.36291251, 1049144.87402135, 1049160.58562684, 1047900.81405609, 1047142.76371629, 1047171.51927933, 1047531.7083554, 1046958.92356022, 1046240.96435129, 1045783.02585952, 1045155.6928335, 1045060.89168483, 1045061.98404989, 1045552.34800486, 1045749.27790639, 1045741.91394942, 1045661.4844574, 1046281.3966136, 1047129.83624455, 1047281.83586897, 1047416.61335957, 1047936.04381215, 
1049520.93234455, 1050376.4468327, 1050370.99902527)))
"127","27","053","27053110500",list(list(c(2831607.23183874, 2831637.88522359, 2831668.39037089, 2831702.79611536, 2831741.09791278, 2831783.29166861, 2831832.78792524, 2831771.71986722, 2831742.54196849, 2831716.31805007, 2831667.3360702, 2831629.19607114, 2831592.37461471, 2831565.063797, 2831540.44335613, 2831523.98805939, 2831512.65035858, 2831506.01187135, 2831505.81407322, 2831511.15254462, 2831523.23236783, 2831539.40633375, 2831563.71131719, 2831594.47869482, 2831613.19971312, 2831641.50522089, 2831673.67451946, 2831716.77120401, 
2831748.51041097, 2831772.27530568, 2831891.85563716, 2832762.88992328, 2833067.86161983, 2833247.05390858, 2833392.22145754, 2832617.11548426, 2832611.19978492, 2832561.22540238, 2832341.06125223, 2831686.97605258, 2830326.60524472, 2829703.97100207, 2829154.88362541, 2828508.74265329, 2828010.66739, 2827081.07290369, 2826720.71024179, 2826074.95590049, 2827273.43903747, 2828563.58631845, 2828557.24172893, 2828546.56812388, 2828529.68285786, 2829193.54602161, 2831052.37284628, 2831607.23183874, 
1034231.64415149, 1033838.73089721, 1033507.84097684, 1033177.33416655, 1032847.2552889, 1032517.65150586, 1032165.23222945, 1031792.87487639, 1031594.00935208, 1031415.26990321, 1031036.7764375, 1030699.68480578, 1030319.81528916, 1029981.67306994, 1029600.81983982, 1029261.97534118, 1028922.92174944, 1028541.3306822, 1028216.00403238, 1027820.47842831, 1027439.02137039, 1027100.16195992, 1026719.28809116, 1026338.88203858, 1026198.92670394, 1026044.61408958, 1025907.12615453, 1025756.2746234, 1025663.39098198, 
1025298.40466637, 1024886.8503825, 1024248.43586411, 1023995.91515568, 1023842.84486981, 1023716.12761668, 1023707.27031122, 1023707.311931, 1023706.63273972, 1023704.12263106, 1024350.34719807, 1025001.02352152, 1025647.24992485, 1026327.38306371, 1027162.64362013, 1027637.30015064, 1028866.56620721, 1029521.58758445, 1030826.52871828, 1030853.27743248, 1030882.79962535, 1031541.56816887, 1032864.95934521, 1034187.92757063, 1034204.17576196, 1034243.00004236, 1034231.64415149)))
"128","27","053","27053125700",list(list(c(2806510.58040233, 2807165.40512077, 2807176.75182879, 2807218.33069849, 2805887.80902715, 2805559.83573383, 2803594.58309314, 2803579.58046643, 2803564.56596723, 2804870.63708316, 2805529.87641837, 2806510.58040233, 1062752.84672733, 1062754.11458455, 1061439.81094871, 1060129.05134412, 1060128.54271707, 1060128.28618773, 1060126.87574641, 1061441.14693145, 1062756.8780036, 1062754.11652164, 1062753.18372115, 1062752.84672733)))
"129","27","053","27053003200",list(list(c(2803635.51042322, 2803636.82684344, 2803639.49614596, 2801619.52003725, 2801006.99350288, 2800998.13573354, 2800992.10300017, 2800990.98532227, 2800984.43294438, 2802307.26577943, 2803635.51042322, 1054832.45564139, 1053515.15961841, 1052282.46411818, 1052085.71868376, 1052092.63457805, 1053155.00850393, 1053495.56326228, 1053656.25523144, 1054829.50941727, 1054829.64214989, 1054832.45564139)))
"130","27","053","27053009500",list(list(c(2815611.14884308, 2815622.28387297, 2815633.10765569, 2815658.45716443, 2815670.57114748, 2815672.57473966, 2814366.51623913, 2814358.59807912, 2814346.81141383, 2814321.27150972, 2814293.69130745, 2814949.58174596, 2815611.14884308, 1036656.8268062, 1035996.64005789, 1035342.28443779, 1034025.22194941, 1032711.32288194, 1031398.42783481, 1031384.49689164, 1032701.71349339, 1034017.07390375, 1035335.59391769, 1036650.8157513, 1036652.6917156, 1036656.8268062)))
"131","27","053","27053011800",list(list(c(2825981.86068112, 2825997.0627623, 2826003.66556203, 2826012.05346007, 2823567.202997, 2823573.70321649, 2823573.93392611, 2819745.65169728, 2819644.51939574, 2819661.26447893, 2819650.32573187, 2819647.03583779, 2819656.88593402, 2823231.68026893, 2823556.19555965, 2825981.86068112, 1027650.36306193, 1026269.41463675, 1024948.17981522, 1023629.88017008, 1023594.0167615, 1022267.31561065, 1021608.13006047, 1021483.56295959, 1021941.65594573, 1025498.06871349, 1027108.02247928, 1027465.29623544, 
1027464.6577486, 1027625.8524896, 1027634.73172784, 1027650.36306193)))
"132","27","053","27053003800",list(list(c(2822685.51481525, 2822104.84837738, 2821502.16908017, 2820552.07309214, 2820289.56305766, 2819932.14001402, 2819290.50870769, 2817769.65212813, 2818773.79508855, 2819520.64991393, 2820116.62039661, 2820514.6952814, 2820384.608683, 2820749.89278109, 2821304.89344984, 2821997.2907919, 2822146.34501399, 2822685.51481525, 1053170.84840926, 1052094.57661359, 1051013.74221649, 1051057.78920359, 1050370.99902527, 1050376.4468327, 1050361.41808659, 1050986.99236461, 1051256.51059544, 1052570.84676155, 
1053655.574322, 1054367.31902138, 1054976.46296487, 1054979.84689257, 1054307.56459433, 1053693.82145295, 1053580.72692547, 1053170.84840926)))
"133","27","053","27053103600",list(list(c(2818640.00130534, 2818457.56402549, 2818262.72146382, 2818067.88875625, 2817648.72824724, 2816917.36244176, 2816141.88469374, 2815117.67644426, 2814785.04211909, 2814138.64025408, 2814739.67554612, 2815933.57136496, 2815467.29651105, 2814899.55108218, 2816642.33026913, 2817419.43244475, 2818640.00130534, 1055376.40211796, 1055042.21005143, 1054677.64397591, 1054311.25694377, 1053604.47111948, 1052285.6015056, 1051855.9914615, 1052693.7169177, 1053026.15910696, 1054187.81820271, 1054619.06889754, 
1054060.32213606, 1055011.00776847, 1055368.67382281, 1056358.64692368, 1054774.21753933, 1055376.40211796)))
"134","27","053","27053105400",list(list(c(2817106.08749775, 2816688.23264282, 2816278.82986257, 2816279.62234694, 2813636.64395755, 2813790.64317299, 2814135.27914294, 2814767.3085401, 2815181.0210977, 2815534.82973642, 2816249.47117003, 2816043.52230175, 2817106.08749775, 1047667.43732838, 1046969.43847869, 1046706.85921534, 1046390.75693575, 1046373.91097444, 1047097.92656851, 1047485.66487145, 1048550.13839156, 1049251.70869822, 1049046.34585659, 1048633.87846016, 1048284.54846825, 1047667.43732838)))
"135","27","053","27053100700",list(list(c(2803505.49537524, 2803538.81438541, 2803564.56596723, 2802244.62311129, 2800926.6557381, 2800925.75488706, 2800925.7458494, 2800904.963767, 2800887.37135298, 2800870.9316819, 2800870.01807504, 2802187.61243537, 2803505.49537524, 1066711.98334061, 1064730.26793476, 1062756.8780036, 1062748.6654986, 1062736.55365255, 1062845.96139647, 1062847.03650662, 1065370.89428031, 1066030.14022219, 1066646.19505138, 1066691.30548412, 1066703.42514845, 1066711.98334061)))
"136","27","053","27053103000",list(list(c(2816024.47626329, 2816725.1948431, 2816726.37374692, 2816642.33026913, 2814899.55108218, 2815467.29651105, 2815933.57136496, 2814739.67554612, 2814138.64025408, 2813437.31765029, 2812575.69820049, 2812014.68004659, 2812093.87883079, 2813285.46398367, 2814201.13706365, 2816024.47626329, 1057566.81589687, 1057574.62751047, 1057444.8388129, 1056358.64692368, 1055368.67382281, 1055011.00776847, 1054060.32213606, 1054619.06889754, 1054187.81820271, 1054640.94682101, 1055405.50359213, 1056733.51757411, 
1057634.06275322, 1057539.28811278, 1057548.93467746, 1057566.81589687)))
"137","27","053","27053109200",list(list(c(2808981.7690022, 2808983.39984478, 2808986.93738412, 2807663.38172824, 2807665.67121538, 2806346.11958246, 2806344.63096609, 2807002.29435307, 2807664.10031777, 2808319.95078608, 2808981.7690022, 1036584.56713124, 1035267.29234831, 1033939.09775035, 1033930.53097906, 1035253.30650957, 1035240.48085693, 1036560.30781807, 1036566.69247042, 1036573.13337697, 1036579.54330177, 1036584.56713124)))
"138","27","053","27053111500",list(list(c(2812580.32928647, 2812597.61065776, 2811729.34395602, 2810739.02855156, 2810408.9370964, 2808675.97977105, 2809076.79151683, 2809065.23730725, 2809058.17274487, 2809052.14749491, 2809030.77775463, 2810696.7497725, 2812569.66263888, 2812568.14609483, 2812583.09321246, 2812580.32928647, 1022838.14155971, 1020773.60337245, 1020761.54227201, 1020748.80883226, 1020742.99486193, 1020724.58767993, 1022042.79438539, 1023369.81225422, 1024538.27245994, 1026003.88689204, 1027327.5422708, 1027360.34299393, 
1027398.02698145, 1026080.00360663, 1024921.09080915, 1022838.14155971)))
"139","27","053","27053021700",list(list(c(2800992.10300017, 2800998.13573354, 2800994.37168891, 2800994.02426467, 2800992.10300017, 1053495.56326228, 1053155.00850393, 1053161.95012791, 1053219.33604518, 1053495.56326228)), list(c(2800984.43294438, 2800990.98532227, 2800982.83046639, 2800978.12415195, 2800970.9852655, 2800984.43294438, 1054829.50941727, 1053656.25523144, 1054828.68897409, 1055505.43982352, 1056607.08396503, 1054829.50941727)))
"140","27","003","27003051502",list(list(c(2824513.24216155, 2823852.56178224, 2821882.68407376, 2819270.94748981, 2819225.19238643, 2819225.88040499, 2819254.69633558, 2824513.24029322, 2824513.24216155, 1071122.73587442, 1071111.0285627, 1071074.32106784, 1071030.78247096, 1071030.36113819, 1071031.20908393, 1071031.5084526, 1071122.85888849, 1071122.73587442)))
"141","27","053","27053006800",list(list(c(2811593.59615008, 2811597.34385253, 2811597.36844449, 2811598.95350376, 2810279.87276203, 2808966.49827794, 2808966.43794455, 2808964.89860621, 2808960.99454091, 2808957.40634994, 2810256.71724843, 2811593.59615008, 1044397.49163326, 1043123.61285462, 1043091.52830294, 1042443.28432505, 1042427.66144533, 1042410.71211307, 1042417.63896926, 1043069.89342532, 1043726.1382464, 1044375.82339835, 1044388.63927492, 1044397.49163326)))
"142","27","053","27053108700",list(list(c(2824454.62984015, 2823522.10379869, 2820892.32143549, 2820882.16913005, 2820861.948955, 2820822.39559749, 2821931.23016003, 2823140.39895003, 2823474.2271456, 2823802.80119309, 2824128.32226641, 2824454.62984015, 1034082.35190056, 1034076.48774775, 1034061.42578871, 1035380.08424378, 1036695.36945147, 1039258.50154161, 1039268.80838042, 1036724.63394055, 1036057.99797428, 1035401.5268005, 1034741.38614669, 1034082.35190056)))
"143","27","053","27053111200",list(list(c(2801103.68325617, 2801124.38752646, 2801139.24963194, 2801156.13629273, 2800497.74571379, 2799596.64052182, 2798518.94069237, 2798502.16482713, 2798487.49066928, 2798459.43097545, 2798455.98869704, 2800113.63365868, 2801103.68325617, 1027974.97330555, 1025987.74869213, 1024670.59936465, 1023359.30180949, 1023360.02344647, 1023361.19475616, 1023362.98964426, 1024680.87241339, 1025995.10707286, 1027721.15142573, 1027958.54481481, 1027971.12170461, 1027974.97330555)))
"144","27","053","27053125800",list(list(c(2818193.63045451, 2817205.97222983, 2815894.42546243, 2815560.71602819, 2815564.47687801, 2815560.69020114, 2815554.83627668, 2816313.22485765, 2816879.84893491, 2818199.14273707, 2818191.21845646, 2818192.23830224, 2818191.50572175, 2818193.63045451, 1039231.38200683, 1039220.55015205, 1039208.29362017, 1039204.91621552, 1041170.14050213, 1041819.45847114, 1043128.31981977, 1043138.09219975, 1043141.77363239, 1043157.8103244, 1041844.81159548, 1041195.46805879, 1040539.54606248, 1039231.38200683
)))
